-- phpMyAdmin SQL Dump
-- version 5.1.1
-- https://www.phpmyadmin.net/
--
-- Host: 127.0.0.1
-- Generation Time: Jul 02, 2022 at 04:00 AM
-- Server version: 10.4.21-MariaDB
-- PHP Version: 8.0.12

SET SQL_MODE = "NO_AUTO_VALUE_ON_ZERO";
START TRANSACTION;
SET time_zone = "+00:00";


/*!40101 SET @OLD_CHARACTER_SET_CLIENT=@@CHARACTER_SET_CLIENT */;
/*!40101 SET @OLD_CHARACTER_SET_RESULTS=@@CHARACTER_SET_RESULTS */;
/*!40101 SET @OLD_COLLATION_CONNECTION=@@COLLATION_CONNECTION */;
/*!40101 SET NAMES utf8mb4 */;

--
-- Database: `dbmonitor`
--

-- --------------------------------------------------------

--
-- Table structure for table `tblaccount`
--

CREATE TABLE `tblaccount` (
  `username` varchar(100) NOT NULL,
  `password` varchar(100) NOT NULL,
  `firstname` varchar(255) DEFAULT NULL,
  `lastname` varchar(255) DEFAULT NULL,
  `middlename` varchar(255) DEFAULT NULL,
  `email` varchar(255) DEFAULT NULL,
  `birthdate` date DEFAULT NULL,
  `contactnumber` varchar(255) DEFAULT NULL,
  `datecreated` timestamp NOT NULL DEFAULT current_timestamp(),
  `gender` varchar(50) DEFAULT NULL
) ENGINE=InnoDB DEFAULT CHARSET=utf8mb4;

--
-- Dumping data for table `tblaccount`
--

INSERT INTO `tblaccount` (`username`, `password`, `firstname`, `lastname`, `middlename`, `email`, `birthdate`, `contactnumber`, `datecreated`, `gender`) VALUES
('admin', '7b8cdc94dad384025bf3178260db832f', 'Leonor ', 'Mercado', 'Rivera', 'leonor_jose@gmail.com', '2000-05-08', '0912345678', '2021-09-15 10:47:47', 'Male'),
('admin1', '692458a9ea0a2de2b330f2882b834a8b', 'Jiolo Miles', 'Ngo', 'Bautista', 'jiolomilesngo001@gmail.com', '2000-05-08', NULL, '2021-09-15 10:47:47', ''),
('admin4', 'e30354edada2510b6c5d8c0e023029f8', 'Jiolo Miles', 'Ngo', 'Bautista', 'jiolo@gmail.com', '2021-08-25', '12345678', '2021-09-15 10:47:47', ''),
('admin5', 'a9a7e922472aacaec8c2d227226960af', NULL, NULL, NULL, NULL, NULL, NULL, '2021-09-15 10:47:47', ''),
('admin6', '4f604245d084959ca86a907e2064b39e', NULL, NULL, NULL, NULL, NULL, NULL, '2021-09-15 10:47:47', ''),
('admin7', 'ef779726ed5577354868fc45dd34b093', 'Jose', 'Rizal', 'Mercado', 'lilpepe@gmail.com', '2000-10-02', '912345678', '2021-09-15 10:47:47', ''),
('admini', 'ccb14521ee8674f4704a6132489dcc18', NULL, NULL, NULL, NULL, NULL, NULL, '2021-12-08 15:55:33', NULL),
('adminkris', 'c88431b54dfe1108703ef3cc5c7316f0', 'Kris', 'Santos', 'Evans', 'kris14@gmail.com', '2000-04-17', NULL, '2021-09-15 10:47:47', ''),
('adminmm', '0b04db4f867464e30aa744c4b3627d26', 'Kris', 'Evans', 'Santisimo', '', '0000-00-00', '', '2021-11-23 15:15:08', 'Male'),
('adminsteph', 'd6ca488657f592380183737ff77081d0', 'Stephanie', 'Acuzar', 'Marasigan', 'stephanie@rocketmail.com', '2000-04-16', '09123456789', '2021-11-23 12:03:09', 'Male'),
('adminstephanie', 'd6ca488657f592380183737ff77081d0', NULL, NULL, NULL, NULL, NULL, NULL, '2021-12-08 16:09:57', NULL),
('jiolo', '24305c677b1f7b7f5c6ad56b614ef63e', NULL, NULL, NULL, NULL, NULL, NULL, '2021-09-15 10:47:47', ''),
('steph', '798119439840099334a89821028b9a71', 'Stephanie', 'Acuzar', 'Marasigan', 'secret@gmail.com', '2020-12-10', NULL, '2021-09-15 10:47:47', '');

-- --------------------------------------------------------

--
-- Table structure for table `tblassigngrade`
--

CREATE TABLE `tblassigngrade` (
  `id` int(11) NOT NULL,
  `sectionloadteacherid` int(50) NOT NULL,
  `gradingperiod` varchar(255) NOT NULL,
  `schoolyear` varchar(255) NOT NULL,
  `dateadded` timestamp NOT NULL DEFAULT current_timestamp()
) ENGINE=InnoDB DEFAULT CHARSET=utf8mb4;

--
-- Dumping data for table `tblassigngrade`
--

INSERT INTO `tblassigngrade` (`id`, `sectionloadteacherid`, `gradingperiod`, `schoolyear`, `dateadded`) VALUES
(81, 46, '1stQuarter', '2018-2019', '2021-12-08 15:28:54'),
(82, 46, '2ndQuarter', '2018-2019', '2021-12-08 15:28:54'),
(83, 46, '3rdQuarter', '2018-2019', '2021-12-08 15:28:54'),
(84, 46, '4thQuarter', '2018-2019', '2021-12-08 15:28:54'),
(85, 47, '1stQuarter', '2018-2019', '2021-12-08 15:29:11'),
(86, 47, '2ndQuarter', '2018-2019', '2021-12-08 15:29:11'),
(87, 47, '3rdQuarter', '2018-2019', '2021-12-08 15:29:11'),
(88, 47, '4thQuarter', '2018-2019', '2021-12-08 15:29:11'),
(89, 48, '1stQuarter', '2019-2020', '2021-12-08 15:30:38'),
(90, 48, '2ndQuarter', '2019-2020', '2021-12-08 15:30:38'),
(91, 48, '3rdQuarter', '2019-2020', '2021-12-08 15:30:38'),
(92, 48, '4thQuarter', '2019-2020', '2021-12-08 15:30:38'),
(93, 49, '1stQuarter', '2018-2019', '2021-12-08 15:32:45'),
(94, 49, '2ndQuarter', '2018-2019', '2021-12-08 15:32:45'),
(95, 49, '3rdQuarter', '2018-2019', '2021-12-08 15:32:45'),
(96, 49, '4thQuarter', '2018-2019', '2021-12-08 15:32:45'),
(97, 50, '1stQuarter', '2018-2019', '2021-12-08 15:32:45'),
(98, 50, '2ndQuarter', '2018-2019', '2021-12-08 15:32:45'),
(99, 50, '3rdQuarter', '2018-2019', '2021-12-08 15:32:45'),
(100, 50, '4thQuarter', '2018-2019', '2021-12-08 15:32:45'),
(101, 51, '1stQuarter', '2018-2019', '2021-12-08 15:32:45'),
(102, 51, '2ndQuarter', '2018-2019', '2021-12-08 15:32:45'),
(103, 51, '3rdQuarter', '2018-2019', '2021-12-08 15:32:45'),
(104, 51, '4thQuarter', '2018-2019', '2021-12-08 15:32:45'),
(105, 52, '1stQuarter', '2018-2019', '2021-12-08 15:32:45'),
(106, 52, '2ndQuarter', '2018-2019', '2021-12-08 15:32:45'),
(107, 52, '3rdQuarter', '2018-2019', '2021-12-08 15:32:45'),
(108, 52, '4thQuarter', '2018-2019', '2021-12-08 15:32:45'),
(109, 53, '1stQuarter', '2018-2019', '2021-12-08 15:32:45'),
(110, 53, '2ndQuarter', '2018-2019', '2021-12-08 15:32:45'),
(111, 53, '3rdQuarter', '2018-2019', '2021-12-08 15:32:45'),
(112, 53, '4thQuarter', '2018-2019', '2021-12-08 15:32:45'),
(113, 54, '1stQuarter', '2018-2019', '2021-12-08 15:34:13'),
(114, 54, '2ndQuarter', '2018-2019', '2021-12-08 15:34:13'),
(115, 54, '3rdQuarter', '2018-2019', '2021-12-08 15:34:13'),
(116, 54, '4thQuarter', '2018-2019', '2021-12-08 15:34:13'),
(117, 55, '1stQuarter', '2018-2019', '2021-12-08 15:35:43'),
(118, 55, '2ndQuarter', '2018-2019', '2021-12-08 15:35:43'),
(119, 55, '3rdQuarter', '2018-2019', '2021-12-08 15:35:43'),
(120, 55, '4thQuarter', '2018-2019', '2021-12-08 15:35:43'),
(121, 56, '1stQuarter', '2018-2019', '2021-12-08 15:36:30'),
(122, 56, '2ndQuarter', '2018-2019', '2021-12-08 15:36:30'),
(123, 56, '3rdQuarter', '2018-2019', '2021-12-08 15:36:30'),
(124, 56, '4thQuarter', '2018-2019', '2021-12-08 15:36:30'),
(125, 57, '1stQuarter', '2021-2022', '2021-12-08 15:52:27'),
(126, 57, '2ndQuarter', '2021-2022', '2021-12-08 15:52:27'),
(127, 57, '3rdQuarter', '2021-2022', '2021-12-08 15:52:27'),
(128, 57, '4thQuarter', '2021-2022', '2021-12-08 15:52:27'),
(129, 58, '1stQuarter', '2021-2022', '2021-12-08 16:00:50'),
(130, 58, '2ndQuarter', '2021-2022', '2021-12-08 16:00:50'),
(131, 58, '3rdQuarter', '2021-2022', '2021-12-08 16:00:50'),
(132, 58, '4thQuarter', '2021-2022', '2021-12-08 16:00:50'),
(133, 59, '1stQuarter', '2021-2022', '2021-12-08 16:01:35'),
(134, 59, '2ndQuarter', '2021-2022', '2021-12-08 16:01:35'),
(135, 59, '3rdQuarter', '2021-2022', '2021-12-08 16:01:35'),
(136, 59, '4thQuarter', '2021-2022', '2021-12-08 16:01:35'),
(137, 60, '1stQuarter', '2021-2022', '2021-12-08 16:02:20'),
(138, 60, '2ndQuarter', '2021-2022', '2021-12-08 16:02:20'),
(139, 60, '3rdQuarter', '2021-2022', '2021-12-08 16:02:20'),
(140, 60, '4thQuarter', '2021-2022', '2021-12-08 16:02:20'),
(141, 61, '1stQuarter', '2023-2024', '2022-04-27 14:41:17'),
(142, 61, '2ndQuarter', '2023-2024', '2022-04-27 14:41:17'),
(143, 61, '3rdQuarter', '2023-2024', '2022-04-27 14:41:17'),
(144, 61, '4thQuarter', '2023-2024', '2022-04-27 14:41:17');

-- --------------------------------------------------------

--
-- Table structure for table `tblcontrol`
--

CREATE TABLE `tblcontrol` (
  `id` int(11) NOT NULL,
  `schoolyear` varchar(255) NOT NULL,
  `gradingperiod` varchar(255) NOT NULL,
  `status` varchar(255) NOT NULL,
  `datecreated` timestamp NOT NULL DEFAULT current_timestamp(),
  `datestart` varchar(50) DEFAULT NULL,
  `dateend` varchar(50) DEFAULT NULL
) ENGINE=InnoDB DEFAULT CHARSET=utf8mb4;

--
-- Dumping data for table `tblcontrol`
--

INSERT INTO `tblcontrol` (`id`, `schoolyear`, `gradingperiod`, `status`, `datecreated`, `datestart`, `dateend`) VALUES
(22, '2021-2022', '1stQuarter', 'Active', '2021-12-08 15:50:59', '2021-12-08', '2021-12-10'),
(23, '2021-2022', '2ndQuarter', 'Inactive', '2021-12-08 15:51:03', NULL, NULL),
(24, '2021-2022', '3rdQuarter', 'Inactive', '2021-12-08 15:51:07', NULL, NULL),
(25, '2021-2022', '4thQuarter', 'Inactive', '2021-12-08 15:51:13', NULL, NULL);

-- --------------------------------------------------------

--
-- Table structure for table `tblcurriculum`
--

CREATE TABLE `tblcurriculum` (
  `curriculumid` int(50) NOT NULL,
  `curriculumdesc` varchar(255) NOT NULL
) ENGINE=InnoDB DEFAULT CHARSET=utf8mb4;

--
-- Dumping data for table `tblcurriculum`
--

INSERT INTO `tblcurriculum` (`curriculumid`, `curriculumdesc`) VALUES
(4, 'K-12 Curriculum');

-- --------------------------------------------------------

--
-- Table structure for table `tbldepartment`
--

CREATE TABLE `tbldepartment` (
  `departmentid` int(50) NOT NULL,
  `department` varchar(255) NOT NULL,
  `departmentdesc` varchar(255) NOT NULL,
  `educationlevel` varchar(255) NOT NULL
) ENGINE=InnoDB DEFAULT CHARSET=utf8mb4;

--
-- Dumping data for table `tbldepartment`
--

INSERT INTO `tbldepartment` (`departmentid`, `department`, `departmentdesc`, `educationlevel`) VALUES
(17, 'JHS', 'Junior High School', 'Secondary'),
(35, 'SHS', 'Senior High School', 'Secondary'),
(36, 'Elem', 'Elementary', 'Primary');

-- --------------------------------------------------------

--
-- Table structure for table `tblgrade`
--

CREATE TABLE `tblgrade` (
  `id` int(11) NOT NULL,
  `studentsubjloadid` int(50) NOT NULL,
  `gradingperiod` varchar(255) NOT NULL,
  `schoolyear` varchar(255) NOT NULL,
  `grade` double DEFAULT NULL,
  `notes` text DEFAULT NULL,
  `dateadded` timestamp NOT NULL DEFAULT current_timestamp()
) ENGINE=InnoDB DEFAULT CHARSET=utf8mb4;

--
-- Dumping data for table `tblgrade`
--

INSERT INTO `tblgrade` (`id`, `studentsubjloadid`, `gradingperiod`, `schoolyear`, `grade`, `notes`, `dateadded`) VALUES
(405, 557, '1stQuarter', '2021-2022', NULL, NULL, '2021-12-08 16:05:39'),
(406, 557, '2ndQuarter', '2021-2022', NULL, NULL, '2021-12-08 16:05:39'),
(407, 557, '3rdQuarter', '2021-2022', NULL, NULL, '2021-12-08 16:05:39'),
(408, 557, '4thQuarter', '2021-2022', NULL, NULL, '2021-12-08 16:05:39'),
(409, 558, '1stQuarter', '2021-2022', NULL, NULL, '2021-12-08 16:07:23'),
(410, 558, '2ndQuarter', '2021-2022', NULL, NULL, '2021-12-08 16:07:23'),
(411, 558, '3rdQuarter', '2021-2022', NULL, NULL, '2021-12-08 16:07:23'),
(412, 558, '4thQuarter', '2021-2022', NULL, NULL, '2021-12-08 16:07:23'),
(413, 559, '1stQuarter', '2021-2022', NULL, NULL, '2021-12-08 16:07:23'),
(414, 559, '2ndQuarter', '2021-2022', NULL, NULL, '2021-12-08 16:07:23'),
(415, 559, '3rdQuarter', '2021-2022', NULL, NULL, '2021-12-08 16:07:23'),
(416, 559, '4thQuarter', '2021-2022', NULL, NULL, '2021-12-08 16:07:23'),
(417, 560, '1stQuarter', '2021-2022', NULL, NULL, '2021-12-08 16:07:23'),
(418, 560, '2ndQuarter', '2021-2022', NULL, NULL, '2021-12-08 16:07:23'),
(419, 560, '3rdQuarter', '2021-2022', NULL, NULL, '2021-12-08 16:07:23'),
(420, 560, '4thQuarter', '2021-2022', NULL, NULL, '2021-12-08 16:07:23'),
(421, 561, '1stQuarter', '2021-2022', NULL, NULL, '2021-12-08 16:07:23'),
(422, 561, '2ndQuarter', '2021-2022', NULL, NULL, '2021-12-08 16:07:23'),
(423, 561, '3rdQuarter', '2021-2022', NULL, NULL, '2021-12-08 16:07:23'),
(424, 561, '4thQuarter', '2021-2022', NULL, NULL, '2021-12-08 16:07:23'),
(425, 562, '1stQuarter', '2021-2022', NULL, NULL, '2021-12-08 16:07:23'),
(426, 562, '2ndQuarter', '2021-2022', NULL, NULL, '2021-12-08 16:07:23'),
(427, 562, '3rdQuarter', '2021-2022', NULL, NULL, '2021-12-08 16:07:23'),
(428, 562, '4thQuarter', '2021-2022', NULL, NULL, '2021-12-08 16:07:23'),
(429, 563, '1stQuarter', '2021-2022', NULL, NULL, '2021-12-08 16:07:23'),
(430, 563, '2ndQuarter', '2021-2022', NULL, NULL, '2021-12-08 16:07:23'),
(431, 563, '3rdQuarter', '2021-2022', NULL, NULL, '2021-12-08 16:07:23'),
(432, 563, '4thQuarter', '2021-2022', NULL, NULL, '2021-12-08 16:07:23'),
(433, 564, '1stQuarter', '2021-2022', NULL, NULL, '2021-12-08 16:07:23'),
(434, 564, '2ndQuarter', '2021-2022', NULL, NULL, '2021-12-08 16:07:23'),
(435, 564, '3rdQuarter', '2021-2022', NULL, NULL, '2021-12-08 16:07:23'),
(436, 564, '4thQuarter', '2021-2022', NULL, NULL, '2021-12-08 16:07:23'),
(437, 565, '1stQuarter', '2021-2022', NULL, NULL, '2021-12-08 16:07:23'),
(438, 565, '2ndQuarter', '2021-2022', NULL, NULL, '2021-12-08 16:07:23'),
(439, 565, '3rdQuarter', '2021-2022', NULL, NULL, '2021-12-08 16:07:23'),
(440, 565, '4thQuarter', '2021-2022', NULL, NULL, '2021-12-08 16:07:23'),
(441, 566, '1stQuarter', '2021-2022', NULL, NULL, '2021-12-08 16:07:23'),
(442, 566, '2ndQuarter', '2021-2022', NULL, NULL, '2021-12-08 16:07:23'),
(443, 566, '3rdQuarter', '2021-2022', NULL, NULL, '2021-12-08 16:07:23'),
(444, 566, '4thQuarter', '2021-2022', NULL, NULL, '2021-12-08 16:07:23'),
(445, 567, '1stQuarter', '2020-2021', NULL, NULL, '2021-12-08 16:07:54'),
(446, 567, '2ndQuarter', '2020-2021', NULL, NULL, '2021-12-08 16:07:54'),
(447, 567, '3rdQuarter', '2020-2021', NULL, NULL, '2021-12-08 16:07:54'),
(448, 567, '4thQuarter', '2020-2021', NULL, NULL, '2021-12-08 16:07:54'),
(449, 568, '1stQuarter', '2020-2021', NULL, NULL, '2021-12-08 16:07:54'),
(450, 568, '2ndQuarter', '2020-2021', NULL, NULL, '2021-12-08 16:07:54'),
(451, 568, '3rdQuarter', '2020-2021', NULL, NULL, '2021-12-08 16:07:54'),
(452, 568, '4thQuarter', '2020-2021', NULL, NULL, '2021-12-08 16:07:54'),
(453, 569, '1stQuarter', '2020-2021', NULL, NULL, '2021-12-08 16:07:54'),
(454, 569, '2ndQuarter', '2020-2021', NULL, NULL, '2021-12-08 16:07:54'),
(455, 569, '3rdQuarter', '2020-2021', NULL, NULL, '2021-12-08 16:07:54'),
(456, 569, '4thQuarter', '2020-2021', NULL, NULL, '2021-12-08 16:07:54'),
(457, 570, '1stQuarter', '2020-2021', NULL, NULL, '2021-12-08 16:07:54'),
(458, 570, '2ndQuarter', '2020-2021', NULL, NULL, '2021-12-08 16:07:54'),
(459, 570, '3rdQuarter', '2020-2021', NULL, NULL, '2021-12-08 16:07:54'),
(460, 570, '4thQuarter', '2020-2021', NULL, NULL, '2021-12-08 16:07:54'),
(461, 571, '1stQuarter', '2020-2021', NULL, NULL, '2021-12-08 16:07:54'),
(462, 571, '2ndQuarter', '2020-2021', NULL, NULL, '2021-12-08 16:07:54'),
(463, 571, '3rdQuarter', '2020-2021', NULL, NULL, '2021-12-08 16:07:54'),
(464, 571, '4thQuarter', '2020-2021', NULL, NULL, '2021-12-08 16:07:54'),
(465, 572, '1stQuarter', '2020-2021', NULL, NULL, '2021-12-08 16:07:54'),
(466, 572, '2ndQuarter', '2020-2021', NULL, NULL, '2021-12-08 16:07:54'),
(467, 572, '3rdQuarter', '2020-2021', NULL, NULL, '2021-12-08 16:07:54'),
(468, 572, '4thQuarter', '2020-2021', NULL, NULL, '2021-12-08 16:07:54'),
(469, 573, '1stQuarter', '2020-2021', NULL, NULL, '2021-12-08 16:07:54'),
(470, 573, '2ndQuarter', '2020-2021', NULL, NULL, '2021-12-08 16:07:54'),
(471, 573, '3rdQuarter', '2020-2021', NULL, NULL, '2021-12-08 16:07:54'),
(472, 573, '4thQuarter', '2020-2021', NULL, NULL, '2021-12-08 16:07:54'),
(473, 574, '1stQuarter', '2020-2021', NULL, NULL, '2021-12-08 16:07:54'),
(474, 574, '2ndQuarter', '2020-2021', NULL, NULL, '2021-12-08 16:07:54'),
(475, 574, '3rdQuarter', '2020-2021', NULL, NULL, '2021-12-08 16:07:54'),
(476, 574, '4thQuarter', '2020-2021', NULL, NULL, '2021-12-08 16:07:54'),
(477, 575, '1stQuarter', '2021-2022', NULL, NULL, '2021-12-08 16:08:07'),
(478, 575, '2ndQuarter', '2021-2022', NULL, NULL, '2021-12-08 16:08:07'),
(479, 575, '3rdQuarter', '2021-2022', NULL, NULL, '2021-12-08 16:08:07'),
(480, 575, '4thQuarter', '2021-2022', NULL, NULL, '2021-12-08 16:08:07'),
(481, 576, '1stQuarter', '2021-2022', NULL, NULL, '2021-12-08 16:08:07'),
(482, 576, '2ndQuarter', '2021-2022', NULL, NULL, '2021-12-08 16:08:07'),
(483, 576, '3rdQuarter', '2021-2022', NULL, NULL, '2021-12-08 16:08:07'),
(484, 576, '4thQuarter', '2021-2022', NULL, NULL, '2021-12-08 16:08:07'),
(485, 577, '1stQuarter', '2021-2022', NULL, NULL, '2021-12-08 16:08:07'),
(486, 577, '2ndQuarter', '2021-2022', NULL, NULL, '2021-12-08 16:08:07'),
(487, 577, '3rdQuarter', '2021-2022', NULL, NULL, '2021-12-08 16:08:07'),
(488, 577, '4thQuarter', '2021-2022', NULL, NULL, '2021-12-08 16:08:07'),
(489, 578, '1stQuarter', '2021-2022', NULL, NULL, '2021-12-08 16:08:07'),
(490, 578, '2ndQuarter', '2021-2022', NULL, NULL, '2021-12-08 16:08:07'),
(491, 578, '3rdQuarter', '2021-2022', NULL, NULL, '2021-12-08 16:08:07'),
(492, 578, '4thQuarter', '2021-2022', NULL, NULL, '2021-12-08 16:08:07'),
(493, 579, '1stQuarter', '2021-2022', NULL, NULL, '2021-12-08 16:08:07'),
(494, 579, '2ndQuarter', '2021-2022', NULL, NULL, '2021-12-08 16:08:07'),
(495, 579, '3rdQuarter', '2021-2022', NULL, NULL, '2021-12-08 16:08:07'),
(496, 579, '4thQuarter', '2021-2022', NULL, NULL, '2021-12-08 16:08:07'),
(497, 580, '1stQuarter', '2021-2022', NULL, NULL, '2021-12-08 16:08:07'),
(498, 580, '2ndQuarter', '2021-2022', NULL, NULL, '2021-12-08 16:08:07'),
(499, 580, '3rdQuarter', '2021-2022', NULL, NULL, '2021-12-08 16:08:07'),
(500, 580, '4thQuarter', '2021-2022', NULL, NULL, '2021-12-08 16:08:07'),
(501, 581, '1stQuarter', '2021-2022', NULL, NULL, '2021-12-08 16:08:07'),
(502, 581, '2ndQuarter', '2021-2022', NULL, NULL, '2021-12-08 16:08:07'),
(503, 581, '3rdQuarter', '2021-2022', NULL, NULL, '2021-12-08 16:08:07'),
(504, 581, '4thQuarter', '2021-2022', NULL, NULL, '2021-12-08 16:08:07'),
(505, 582, '1stQuarter', '2021-2022', NULL, NULL, '2021-12-08 16:08:07'),
(506, 582, '2ndQuarter', '2021-2022', NULL, NULL, '2021-12-08 16:08:07'),
(507, 582, '3rdQuarter', '2021-2022', NULL, NULL, '2021-12-08 16:08:07'),
(508, 582, '4thQuarter', '2021-2022', NULL, NULL, '2021-12-08 16:08:07'),
(509, 583, '1stQuarter', '2019-2020', NULL, NULL, '2021-12-08 16:08:12'),
(510, 583, '2ndQuarter', '2019-2020', NULL, NULL, '2021-12-08 16:08:12'),
(511, 583, '3rdQuarter', '2019-2020', NULL, NULL, '2021-12-08 16:08:12'),
(512, 583, '4thQuarter', '2019-2020', NULL, NULL, '2021-12-08 16:08:12'),
(513, 584, '1stQuarter', '2019-2020', NULL, NULL, '2021-12-08 16:08:12'),
(514, 584, '2ndQuarter', '2019-2020', NULL, NULL, '2021-12-08 16:08:12'),
(515, 584, '3rdQuarter', '2019-2020', NULL, NULL, '2021-12-08 16:08:12'),
(516, 584, '4thQuarter', '2019-2020', NULL, NULL, '2021-12-08 16:08:12'),
(517, 585, '1stQuarter', '2019-2020', NULL, NULL, '2021-12-08 16:08:12'),
(518, 585, '2ndQuarter', '2019-2020', NULL, NULL, '2021-12-08 16:08:12'),
(519, 585, '3rdQuarter', '2019-2020', NULL, NULL, '2021-12-08 16:08:12'),
(520, 585, '4thQuarter', '2019-2020', NULL, NULL, '2021-12-08 16:08:12'),
(521, 586, '1stQuarter', '2019-2020', NULL, NULL, '2021-12-08 16:08:12'),
(522, 586, '2ndQuarter', '2019-2020', NULL, NULL, '2021-12-08 16:08:12'),
(523, 586, '3rdQuarter', '2019-2020', NULL, NULL, '2021-12-08 16:08:12'),
(524, 586, '4thQuarter', '2019-2020', NULL, NULL, '2021-12-08 16:08:12'),
(525, 587, '1stQuarter', '2019-2020', NULL, NULL, '2021-12-08 16:08:12'),
(526, 587, '2ndQuarter', '2019-2020', NULL, NULL, '2021-12-08 16:08:12'),
(527, 587, '3rdQuarter', '2019-2020', NULL, NULL, '2021-12-08 16:08:12'),
(528, 587, '4thQuarter', '2019-2020', NULL, NULL, '2021-12-08 16:08:12'),
(529, 588, '1stQuarter', '2019-2020', NULL, NULL, '2021-12-08 16:08:12'),
(530, 588, '2ndQuarter', '2019-2020', NULL, NULL, '2021-12-08 16:08:12'),
(531, 588, '3rdQuarter', '2019-2020', NULL, NULL, '2021-12-08 16:08:12'),
(532, 588, '4thQuarter', '2019-2020', NULL, NULL, '2021-12-08 16:08:12'),
(533, 589, '1stQuarter', '2019-2020', NULL, NULL, '2021-12-08 16:08:12'),
(534, 589, '2ndQuarter', '2019-2020', NULL, NULL, '2021-12-08 16:08:12'),
(535, 589, '3rdQuarter', '2019-2020', NULL, NULL, '2021-12-08 16:08:12'),
(536, 589, '4thQuarter', '2019-2020', NULL, NULL, '2021-12-08 16:08:12'),
(537, 590, '1stQuarter', '2019-2020', NULL, NULL, '2021-12-08 16:08:12'),
(538, 590, '2ndQuarter', '2019-2020', NULL, NULL, '2021-12-08 16:08:12'),
(539, 590, '3rdQuarter', '2019-2020', NULL, NULL, '2021-12-08 16:08:12'),
(540, 590, '4thQuarter', '2019-2020', NULL, NULL, '2021-12-08 16:08:12'),
(541, 591, '1stQuarter', '2020-2021', NULL, NULL, '2021-12-08 16:08:33'),
(542, 591, '2ndQuarter', '2020-2021', NULL, NULL, '2021-12-08 16:08:33'),
(543, 591, '3rdQuarter', '2020-2021', NULL, NULL, '2021-12-08 16:08:33'),
(544, 591, '4thQuarter', '2020-2021', NULL, NULL, '2021-12-08 16:08:33'),
(545, 592, '1stQuarter', '2020-2021', NULL, NULL, '2021-12-08 16:08:33'),
(546, 592, '2ndQuarter', '2020-2021', NULL, NULL, '2021-12-08 16:08:33'),
(547, 592, '3rdQuarter', '2020-2021', NULL, NULL, '2021-12-08 16:08:33'),
(548, 592, '4thQuarter', '2020-2021', NULL, NULL, '2021-12-08 16:08:33'),
(549, 593, '1stQuarter', '2020-2021', NULL, NULL, '2021-12-08 16:08:33'),
(550, 593, '2ndQuarter', '2020-2021', NULL, NULL, '2021-12-08 16:08:33'),
(551, 593, '3rdQuarter', '2020-2021', NULL, NULL, '2021-12-08 16:08:33'),
(552, 593, '4thQuarter', '2020-2021', NULL, NULL, '2021-12-08 16:08:33'),
(553, 594, '1stQuarter', '2020-2021', NULL, NULL, '2021-12-08 16:08:33'),
(554, 594, '2ndQuarter', '2020-2021', NULL, NULL, '2021-12-08 16:08:33'),
(555, 594, '3rdQuarter', '2020-2021', NULL, NULL, '2021-12-08 16:08:33'),
(556, 594, '4thQuarter', '2020-2021', NULL, NULL, '2021-12-08 16:08:33'),
(557, 595, '1stQuarter', '2020-2021', NULL, NULL, '2021-12-08 16:08:33'),
(558, 595, '2ndQuarter', '2020-2021', NULL, NULL, '2021-12-08 16:08:33'),
(559, 595, '3rdQuarter', '2020-2021', NULL, NULL, '2021-12-08 16:08:33'),
(560, 595, '4thQuarter', '2020-2021', NULL, NULL, '2021-12-08 16:08:33'),
(561, 596, '1stQuarter', '2020-2021', NULL, NULL, '2021-12-08 16:08:33'),
(562, 596, '2ndQuarter', '2020-2021', NULL, NULL, '2021-12-08 16:08:33'),
(563, 596, '3rdQuarter', '2020-2021', NULL, NULL, '2021-12-08 16:08:33'),
(564, 596, '4thQuarter', '2020-2021', NULL, NULL, '2021-12-08 16:08:33'),
(565, 597, '1stQuarter', '2020-2021', NULL, NULL, '2021-12-08 16:08:33'),
(566, 597, '2ndQuarter', '2020-2021', NULL, NULL, '2021-12-08 16:08:33'),
(567, 597, '3rdQuarter', '2020-2021', NULL, NULL, '2021-12-08 16:08:33'),
(568, 597, '4thQuarter', '2020-2021', NULL, NULL, '2021-12-08 16:08:33'),
(569, 598, '1stQuarter', '2020-2021', NULL, NULL, '2021-12-08 16:08:33'),
(570, 598, '2ndQuarter', '2020-2021', NULL, NULL, '2021-12-08 16:08:33'),
(571, 598, '3rdQuarter', '2020-2021', NULL, NULL, '2021-12-08 16:08:33'),
(572, 598, '4thQuarter', '2020-2021', NULL, NULL, '2021-12-08 16:08:33'),
(573, 599, '1stQuarter', '2020-2021', NULL, NULL, '2021-12-08 16:08:33'),
(574, 599, '2ndQuarter', '2020-2021', NULL, NULL, '2021-12-08 16:08:33'),
(575, 599, '3rdQuarter', '2020-2021', NULL, NULL, '2021-12-08 16:08:33'),
(576, 599, '4thQuarter', '2020-2021', NULL, NULL, '2021-12-08 16:08:33'),
(577, 600, '1stQuarter', '2018-2019', 91, '', '2021-12-08 16:09:39'),
(578, 600, '2ndQuarter', '2018-2019', NULL, NULL, '2021-12-08 16:09:39'),
(579, 600, '3rdQuarter', '2018-2019', NULL, NULL, '2021-12-08 16:09:39'),
(580, 600, '4thQuarter', '2018-2019', NULL, NULL, '2021-12-08 16:09:39'),
(581, 601, '1stQuarter', '2018-2019', NULL, NULL, '2021-12-08 16:09:39'),
(582, 601, '2ndQuarter', '2018-2019', NULL, NULL, '2021-12-08 16:09:39'),
(583, 601, '3rdQuarter', '2018-2019', NULL, NULL, '2021-12-08 16:09:39'),
(584, 601, '4thQuarter', '2018-2019', NULL, NULL, '2021-12-08 16:09:39'),
(585, 602, '1stQuarter', '2018-2019', NULL, NULL, '2021-12-08 16:09:39'),
(586, 602, '2ndQuarter', '2018-2019', NULL, NULL, '2021-12-08 16:09:39'),
(587, 602, '3rdQuarter', '2018-2019', NULL, NULL, '2021-12-08 16:09:39'),
(588, 602, '4thQuarter', '2018-2019', NULL, NULL, '2021-12-08 16:09:39'),
(589, 603, '1stQuarter', '2018-2019', NULL, NULL, '2021-12-08 16:09:39'),
(590, 603, '2ndQuarter', '2018-2019', NULL, NULL, '2021-12-08 16:09:39'),
(591, 603, '3rdQuarter', '2018-2019', NULL, NULL, '2021-12-08 16:09:39'),
(592, 603, '4thQuarter', '2018-2019', NULL, NULL, '2021-12-08 16:09:39'),
(593, 604, '1stQuarter', '2018-2019', NULL, NULL, '2021-12-08 16:09:39'),
(594, 604, '2ndQuarter', '2018-2019', NULL, NULL, '2021-12-08 16:09:39'),
(595, 604, '3rdQuarter', '2018-2019', NULL, NULL, '2021-12-08 16:09:39'),
(596, 604, '4thQuarter', '2018-2019', NULL, NULL, '2021-12-08 16:09:39'),
(597, 605, '1stQuarter', '2018-2019', NULL, NULL, '2021-12-08 16:09:39'),
(598, 605, '2ndQuarter', '2018-2019', NULL, NULL, '2021-12-08 16:09:39'),
(599, 605, '3rdQuarter', '2018-2019', NULL, NULL, '2021-12-08 16:09:39'),
(600, 605, '4thQuarter', '2018-2019', NULL, NULL, '2021-12-08 16:09:39'),
(601, 606, '1stQuarter', '2018-2019', NULL, NULL, '2021-12-08 16:09:39'),
(602, 606, '2ndQuarter', '2018-2019', NULL, NULL, '2021-12-08 16:09:39'),
(603, 606, '3rdQuarter', '2018-2019', NULL, NULL, '2021-12-08 16:09:39'),
(604, 606, '4thQuarter', '2018-2019', NULL, NULL, '2021-12-08 16:09:39'),
(605, 607, '1stQuarter', '2018-2019', NULL, NULL, '2021-12-08 16:09:39'),
(606, 607, '2ndQuarter', '2018-2019', NULL, NULL, '2021-12-08 16:09:39'),
(607, 607, '3rdQuarter', '2018-2019', NULL, NULL, '2021-12-08 16:09:39'),
(608, 607, '4thQuarter', '2018-2019', NULL, NULL, '2021-12-08 16:09:39'),
(609, 608, '1stQuarter', '2018-2019', NULL, NULL, '2021-12-08 16:09:39'),
(610, 608, '2ndQuarter', '2018-2019', NULL, NULL, '2021-12-08 16:09:39'),
(611, 608, '3rdQuarter', '2018-2019', NULL, NULL, '2021-12-08 16:09:39'),
(612, 608, '4thQuarter', '2018-2019', NULL, NULL, '2021-12-08 16:09:39'),
(613, 609, '1stQuarter', '2021-2022', NULL, NULL, '2021-12-08 16:10:04'),
(614, 609, '2ndQuarter', '2021-2022', NULL, NULL, '2021-12-08 16:10:04'),
(615, 609, '3rdQuarter', '2021-2022', NULL, NULL, '2021-12-08 16:10:04'),
(616, 609, '4thQuarter', '2021-2022', NULL, NULL, '2021-12-08 16:10:04'),
(617, 610, '1stQuarter', '2021-2022', NULL, NULL, '2021-12-08 16:10:04'),
(618, 610, '2ndQuarter', '2021-2022', NULL, NULL, '2021-12-08 16:10:04'),
(619, 610, '3rdQuarter', '2021-2022', NULL, NULL, '2021-12-08 16:10:04'),
(620, 610, '4thQuarter', '2021-2022', NULL, NULL, '2021-12-08 16:10:04'),
(621, 611, '1stQuarter', '2021-2022', NULL, NULL, '2021-12-08 16:10:04'),
(622, 611, '2ndQuarter', '2021-2022', NULL, NULL, '2021-12-08 16:10:04'),
(623, 611, '3rdQuarter', '2021-2022', NULL, NULL, '2021-12-08 16:10:04'),
(624, 611, '4thQuarter', '2021-2022', NULL, NULL, '2021-12-08 16:10:04'),
(625, 612, '1stQuarter', '2021-2022', NULL, NULL, '2021-12-08 16:10:04'),
(626, 612, '2ndQuarter', '2021-2022', NULL, NULL, '2021-12-08 16:10:04'),
(627, 612, '3rdQuarter', '2021-2022', NULL, NULL, '2021-12-08 16:10:04'),
(628, 612, '4thQuarter', '2021-2022', NULL, NULL, '2021-12-08 16:10:04'),
(629, 613, '1stQuarter', '2021-2022', NULL, NULL, '2021-12-08 16:10:04'),
(630, 613, '2ndQuarter', '2021-2022', NULL, NULL, '2021-12-08 16:10:04'),
(631, 613, '3rdQuarter', '2021-2022', NULL, NULL, '2021-12-08 16:10:04'),
(632, 613, '4thQuarter', '2021-2022', NULL, NULL, '2021-12-08 16:10:04'),
(633, 614, '1stQuarter', '2021-2022', NULL, NULL, '2021-12-08 16:10:04'),
(634, 614, '2ndQuarter', '2021-2022', NULL, NULL, '2021-12-08 16:10:04'),
(635, 614, '3rdQuarter', '2021-2022', NULL, NULL, '2021-12-08 16:10:04'),
(636, 614, '4thQuarter', '2021-2022', NULL, NULL, '2021-12-08 16:10:04'),
(637, 615, '1stQuarter', '2021-2022', NULL, NULL, '2021-12-08 16:10:04'),
(638, 615, '2ndQuarter', '2021-2022', NULL, NULL, '2021-12-08 16:10:04'),
(639, 615, '3rdQuarter', '2021-2022', NULL, NULL, '2021-12-08 16:10:04'),
(640, 615, '4thQuarter', '2021-2022', NULL, NULL, '2021-12-08 16:10:04'),
(641, 616, '1stQuarter', '2021-2022', NULL, NULL, '2021-12-08 16:10:04'),
(642, 616, '2ndQuarter', '2021-2022', NULL, NULL, '2021-12-08 16:10:04'),
(643, 616, '3rdQuarter', '2021-2022', NULL, NULL, '2021-12-08 16:10:04'),
(644, 616, '4thQuarter', '2021-2022', NULL, NULL, '2021-12-08 16:10:04'),
(645, 617, '1stQuarter', '2021-2022', NULL, NULL, '2021-12-08 16:10:04'),
(646, 617, '2ndQuarter', '2021-2022', NULL, NULL, '2021-12-08 16:10:04'),
(647, 617, '3rdQuarter', '2021-2022', NULL, NULL, '2021-12-08 16:10:04'),
(648, 617, '4thQuarter', '2021-2022', NULL, NULL, '2021-12-08 16:10:04'),
(649, 618, '1stQuarter', '2021-2022', NULL, NULL, '2021-12-08 16:11:31'),
(650, 618, '2ndQuarter', '2021-2022', NULL, NULL, '2021-12-08 16:11:31'),
(651, 618, '3rdQuarter', '2021-2022', NULL, NULL, '2021-12-08 16:11:31'),
(652, 618, '4thQuarter', '2021-2022', NULL, NULL, '2021-12-08 16:11:31'),
(653, 619, '1stQuarter', '2021-2022', NULL, NULL, '2021-12-08 16:11:31'),
(654, 619, '2ndQuarter', '2021-2022', NULL, NULL, '2021-12-08 16:11:31'),
(655, 619, '3rdQuarter', '2021-2022', NULL, NULL, '2021-12-08 16:11:31'),
(656, 619, '4thQuarter', '2021-2022', NULL, NULL, '2021-12-08 16:11:31'),
(657, 620, '1stQuarter', '2021-2022', NULL, NULL, '2021-12-08 16:11:31'),
(658, 620, '2ndQuarter', '2021-2022', NULL, NULL, '2021-12-08 16:11:31'),
(659, 620, '3rdQuarter', '2021-2022', NULL, NULL, '2021-12-08 16:11:31'),
(660, 620, '4thQuarter', '2021-2022', NULL, NULL, '2021-12-08 16:11:31'),
(661, 621, '1stQuarter', '2021-2022', NULL, NULL, '2021-12-08 16:11:31'),
(662, 621, '2ndQuarter', '2021-2022', NULL, NULL, '2021-12-08 16:11:31'),
(663, 621, '3rdQuarter', '2021-2022', NULL, NULL, '2021-12-08 16:11:31'),
(664, 621, '4thQuarter', '2021-2022', NULL, NULL, '2021-12-08 16:11:31'),
(665, 622, '1stQuarter', '2021-2022', NULL, NULL, '2021-12-08 16:11:31'),
(666, 622, '2ndQuarter', '2021-2022', NULL, NULL, '2021-12-08 16:11:31'),
(667, 622, '3rdQuarter', '2021-2022', NULL, NULL, '2021-12-08 16:11:31'),
(668, 622, '4thQuarter', '2021-2022', NULL, NULL, '2021-12-08 16:11:31'),
(669, 623, '1stQuarter', '2021-2022', NULL, NULL, '2021-12-08 16:11:31'),
(670, 623, '2ndQuarter', '2021-2022', NULL, NULL, '2021-12-08 16:11:31'),
(671, 623, '3rdQuarter', '2021-2022', NULL, NULL, '2021-12-08 16:11:31'),
(672, 623, '4thQuarter', '2021-2022', NULL, NULL, '2021-12-08 16:11:31'),
(673, 624, '1stQuarter', '2021-2022', NULL, NULL, '2021-12-08 16:11:31'),
(674, 624, '2ndQuarter', '2021-2022', NULL, NULL, '2021-12-08 16:11:31'),
(675, 624, '3rdQuarter', '2021-2022', NULL, NULL, '2021-12-08 16:11:31'),
(676, 624, '4thQuarter', '2021-2022', NULL, NULL, '2021-12-08 16:11:31'),
(677, 625, '1stQuarter', '2021-2022', NULL, NULL, '2021-12-08 16:11:31'),
(678, 625, '2ndQuarter', '2021-2022', NULL, NULL, '2021-12-08 16:11:31'),
(679, 625, '3rdQuarter', '2021-2022', NULL, NULL, '2021-12-08 16:11:31'),
(680, 625, '4thQuarter', '2021-2022', NULL, NULL, '2021-12-08 16:11:31'),
(681, 626, '1stQuarter', '2021-2022', NULL, NULL, '2021-12-08 16:11:31'),
(682, 626, '2ndQuarter', '2021-2022', NULL, NULL, '2021-12-08 16:11:31'),
(683, 626, '3rdQuarter', '2021-2022', NULL, NULL, '2021-12-08 16:11:31'),
(684, 626, '4thQuarter', '2021-2022', NULL, NULL, '2021-12-08 16:11:31'),
(685, 627, '1stQuarter', '2020-2021', NULL, NULL, '2021-12-08 16:11:54'),
(686, 627, '2ndQuarter', '2020-2021', NULL, NULL, '2021-12-08 16:11:54'),
(687, 627, '3rdQuarter', '2020-2021', NULL, NULL, '2021-12-08 16:11:54'),
(688, 627, '4thQuarter', '2020-2021', NULL, NULL, '2021-12-08 16:11:54'),
(689, 628, '1stQuarter', '2020-2021', NULL, NULL, '2021-12-08 16:11:54'),
(690, 628, '2ndQuarter', '2020-2021', NULL, NULL, '2021-12-08 16:11:54'),
(691, 628, '3rdQuarter', '2020-2021', NULL, NULL, '2021-12-08 16:11:54'),
(692, 628, '4thQuarter', '2020-2021', NULL, NULL, '2021-12-08 16:11:54'),
(693, 629, '1stQuarter', '2020-2021', NULL, NULL, '2021-12-08 16:11:54'),
(694, 629, '2ndQuarter', '2020-2021', NULL, NULL, '2021-12-08 16:11:54'),
(695, 629, '3rdQuarter', '2020-2021', NULL, NULL, '2021-12-08 16:11:54'),
(696, 629, '4thQuarter', '2020-2021', NULL, NULL, '2021-12-08 16:11:54'),
(697, 630, '1stQuarter', '2020-2021', NULL, NULL, '2021-12-08 16:11:54'),
(698, 630, '2ndQuarter', '2020-2021', NULL, NULL, '2021-12-08 16:11:54'),
(699, 630, '3rdQuarter', '2020-2021', NULL, NULL, '2021-12-08 16:11:54'),
(700, 630, '4thQuarter', '2020-2021', NULL, NULL, '2021-12-08 16:11:54'),
(701, 631, '1stQuarter', '2020-2021', NULL, NULL, '2021-12-08 16:11:54'),
(702, 631, '2ndQuarter', '2020-2021', NULL, NULL, '2021-12-08 16:11:54'),
(703, 631, '3rdQuarter', '2020-2021', NULL, NULL, '2021-12-08 16:11:54'),
(704, 631, '4thQuarter', '2020-2021', NULL, NULL, '2021-12-08 16:11:54'),
(705, 632, '1stQuarter', '2020-2021', NULL, NULL, '2021-12-08 16:11:54'),
(706, 632, '2ndQuarter', '2020-2021', NULL, NULL, '2021-12-08 16:11:54'),
(707, 632, '3rdQuarter', '2020-2021', NULL, NULL, '2021-12-08 16:11:54'),
(708, 632, '4thQuarter', '2020-2021', NULL, NULL, '2021-12-08 16:11:54'),
(709, 633, '1stQuarter', '2020-2021', NULL, NULL, '2021-12-08 16:11:54'),
(710, 633, '2ndQuarter', '2020-2021', NULL, NULL, '2021-12-08 16:11:54'),
(711, 633, '3rdQuarter', '2020-2021', NULL, NULL, '2021-12-08 16:11:54'),
(712, 633, '4thQuarter', '2020-2021', NULL, NULL, '2021-12-08 16:11:54'),
(713, 634, '1stQuarter', '2020-2021', NULL, NULL, '2021-12-08 16:11:54'),
(714, 634, '2ndQuarter', '2020-2021', NULL, NULL, '2021-12-08 16:11:54'),
(715, 634, '3rdQuarter', '2020-2021', NULL, NULL, '2021-12-08 16:11:54'),
(716, 634, '4thQuarter', '2020-2021', NULL, NULL, '2021-12-08 16:11:54'),
(717, 635, '1stQuarter', '2018-2019', 98, '', '2021-12-08 16:12:22'),
(718, 635, '2ndQuarter', '2018-2019', NULL, NULL, '2021-12-08 16:12:22'),
(719, 635, '3rdQuarter', '2018-2019', NULL, NULL, '2021-12-08 16:12:22'),
(720, 635, '4thQuarter', '2018-2019', NULL, NULL, '2021-12-08 16:12:22'),
(721, 636, '1stQuarter', '2018-2019', NULL, NULL, '2021-12-08 16:12:22'),
(722, 636, '2ndQuarter', '2018-2019', NULL, NULL, '2021-12-08 16:12:22'),
(723, 636, '3rdQuarter', '2018-2019', NULL, NULL, '2021-12-08 16:12:22'),
(724, 636, '4thQuarter', '2018-2019', NULL, NULL, '2021-12-08 16:12:22'),
(725, 637, '1stQuarter', '2018-2019', NULL, NULL, '2021-12-08 16:12:22'),
(726, 637, '2ndQuarter', '2018-2019', NULL, NULL, '2021-12-08 16:12:22'),
(727, 637, '3rdQuarter', '2018-2019', NULL, NULL, '2021-12-08 16:12:22'),
(728, 637, '4thQuarter', '2018-2019', NULL, NULL, '2021-12-08 16:12:22'),
(729, 638, '1stQuarter', '2018-2019', NULL, NULL, '2021-12-08 16:12:22'),
(730, 638, '2ndQuarter', '2018-2019', NULL, NULL, '2021-12-08 16:12:22'),
(731, 638, '3rdQuarter', '2018-2019', NULL, NULL, '2021-12-08 16:12:22'),
(732, 638, '4thQuarter', '2018-2019', NULL, NULL, '2021-12-08 16:12:22'),
(733, 639, '1stQuarter', '2018-2019', NULL, NULL, '2021-12-08 16:12:22'),
(734, 639, '2ndQuarter', '2018-2019', NULL, NULL, '2021-12-08 16:12:22'),
(735, 639, '3rdQuarter', '2018-2019', NULL, NULL, '2021-12-08 16:12:22'),
(736, 639, '4thQuarter', '2018-2019', NULL, NULL, '2021-12-08 16:12:22'),
(737, 640, '1stQuarter', '2018-2019', NULL, NULL, '2021-12-08 16:12:22'),
(738, 640, '2ndQuarter', '2018-2019', NULL, NULL, '2021-12-08 16:12:22'),
(739, 640, '3rdQuarter', '2018-2019', NULL, NULL, '2021-12-08 16:12:22'),
(740, 640, '4thQuarter', '2018-2019', NULL, NULL, '2021-12-08 16:12:22'),
(741, 641, '1stQuarter', '2018-2019', NULL, NULL, '2021-12-08 16:12:22'),
(742, 641, '2ndQuarter', '2018-2019', NULL, NULL, '2021-12-08 16:12:22'),
(743, 641, '3rdQuarter', '2018-2019', NULL, NULL, '2021-12-08 16:12:22'),
(744, 641, '4thQuarter', '2018-2019', NULL, NULL, '2021-12-08 16:12:22'),
(745, 642, '1stQuarter', '2018-2019', NULL, NULL, '2021-12-08 16:12:22'),
(746, 642, '2ndQuarter', '2018-2019', NULL, NULL, '2021-12-08 16:12:22'),
(747, 642, '3rdQuarter', '2018-2019', NULL, NULL, '2021-12-08 16:12:22'),
(748, 642, '4thQuarter', '2018-2019', NULL, NULL, '2021-12-08 16:12:22'),
(749, 643, '1stQuarter', '2018-2019', NULL, NULL, '2021-12-08 16:12:22'),
(750, 643, '2ndQuarter', '2018-2019', NULL, NULL, '2021-12-08 16:12:22'),
(751, 643, '3rdQuarter', '2018-2019', NULL, NULL, '2021-12-08 16:12:22'),
(752, 643, '4thQuarter', '2018-2019', NULL, NULL, '2021-12-08 16:12:22'),
(753, 644, '1stQuarter', '2020-2021', NULL, NULL, '2021-12-08 16:12:28'),
(754, 644, '2ndQuarter', '2020-2021', NULL, NULL, '2021-12-08 16:12:28'),
(755, 644, '3rdQuarter', '2020-2021', NULL, NULL, '2021-12-08 16:12:28'),
(756, 644, '4thQuarter', '2020-2021', NULL, NULL, '2021-12-08 16:12:28'),
(757, 645, '1stQuarter', '2020-2021', NULL, NULL, '2021-12-08 16:12:28'),
(758, 645, '2ndQuarter', '2020-2021', NULL, NULL, '2021-12-08 16:12:28'),
(759, 645, '3rdQuarter', '2020-2021', NULL, NULL, '2021-12-08 16:12:28'),
(760, 645, '4thQuarter', '2020-2021', NULL, NULL, '2021-12-08 16:12:28'),
(761, 646, '1stQuarter', '2020-2021', NULL, NULL, '2021-12-08 16:12:28'),
(762, 646, '2ndQuarter', '2020-2021', NULL, NULL, '2021-12-08 16:12:28'),
(763, 646, '3rdQuarter', '2020-2021', NULL, NULL, '2021-12-08 16:12:28'),
(764, 646, '4thQuarter', '2020-2021', NULL, NULL, '2021-12-08 16:12:28'),
(765, 647, '1stQuarter', '2020-2021', NULL, NULL, '2021-12-08 16:12:28'),
(766, 647, '2ndQuarter', '2020-2021', NULL, NULL, '2021-12-08 16:12:28'),
(767, 647, '3rdQuarter', '2020-2021', NULL, NULL, '2021-12-08 16:12:28'),
(768, 647, '4thQuarter', '2020-2021', NULL, NULL, '2021-12-08 16:12:28'),
(769, 648, '1stQuarter', '2020-2021', NULL, NULL, '2021-12-08 16:12:28'),
(770, 648, '2ndQuarter', '2020-2021', NULL, NULL, '2021-12-08 16:12:28'),
(771, 648, '3rdQuarter', '2020-2021', NULL, NULL, '2021-12-08 16:12:28'),
(772, 648, '4thQuarter', '2020-2021', NULL, NULL, '2021-12-08 16:12:28'),
(773, 649, '1stQuarter', '2020-2021', NULL, NULL, '2021-12-08 16:12:28'),
(774, 649, '2ndQuarter', '2020-2021', NULL, NULL, '2021-12-08 16:12:28'),
(775, 649, '3rdQuarter', '2020-2021', NULL, NULL, '2021-12-08 16:12:28'),
(776, 649, '4thQuarter', '2020-2021', NULL, NULL, '2021-12-08 16:12:28'),
(777, 650, '1stQuarter', '2020-2021', NULL, NULL, '2021-12-08 16:12:28'),
(778, 650, '2ndQuarter', '2020-2021', NULL, NULL, '2021-12-08 16:12:28'),
(779, 650, '3rdQuarter', '2020-2021', NULL, NULL, '2021-12-08 16:12:28'),
(780, 650, '4thQuarter', '2020-2021', NULL, NULL, '2021-12-08 16:12:28'),
(781, 651, '1stQuarter', '2020-2021', NULL, NULL, '2021-12-08 16:12:28'),
(782, 651, '2ndQuarter', '2020-2021', NULL, NULL, '2021-12-08 16:12:28'),
(783, 651, '3rdQuarter', '2020-2021', NULL, NULL, '2021-12-08 16:12:28'),
(784, 651, '4thQuarter', '2020-2021', NULL, NULL, '2021-12-08 16:12:28'),
(785, 652, '1stQuarter', '2020-2021', NULL, NULL, '2021-12-08 16:12:28'),
(786, 652, '2ndQuarter', '2020-2021', NULL, NULL, '2021-12-08 16:12:28'),
(787, 652, '3rdQuarter', '2020-2021', NULL, NULL, '2021-12-08 16:12:28'),
(788, 652, '4thQuarter', '2020-2021', NULL, NULL, '2021-12-08 16:12:28'),
(789, 653, '1stQuarter', '2021-2022', NULL, NULL, '2021-12-08 16:12:55'),
(790, 653, '2ndQuarter', '2021-2022', NULL, NULL, '2021-12-08 16:12:55'),
(791, 653, '3rdQuarter', '2021-2022', NULL, NULL, '2021-12-08 16:12:55'),
(792, 653, '4thQuarter', '2021-2022', NULL, NULL, '2021-12-08 16:12:55'),
(793, 654, '1stQuarter', '2021-2022', NULL, NULL, '2021-12-08 16:12:55'),
(794, 654, '2ndQuarter', '2021-2022', NULL, NULL, '2021-12-08 16:12:55'),
(795, 654, '3rdQuarter', '2021-2022', NULL, NULL, '2021-12-08 16:12:55'),
(796, 654, '4thQuarter', '2021-2022', NULL, NULL, '2021-12-08 16:12:55'),
(797, 655, '1stQuarter', '2021-2022', NULL, NULL, '2021-12-08 16:12:55'),
(798, 655, '2ndQuarter', '2021-2022', NULL, NULL, '2021-12-08 16:12:55'),
(799, 655, '3rdQuarter', '2021-2022', NULL, NULL, '2021-12-08 16:12:55'),
(800, 655, '4thQuarter', '2021-2022', NULL, NULL, '2021-12-08 16:12:55'),
(801, 656, '1stQuarter', '2021-2022', NULL, NULL, '2021-12-08 16:12:55'),
(802, 656, '2ndQuarter', '2021-2022', NULL, NULL, '2021-12-08 16:12:55'),
(803, 656, '3rdQuarter', '2021-2022', NULL, NULL, '2021-12-08 16:12:55'),
(804, 656, '4thQuarter', '2021-2022', NULL, NULL, '2021-12-08 16:12:55'),
(805, 657, '1stQuarter', '2021-2022', NULL, NULL, '2021-12-08 16:12:55'),
(806, 657, '2ndQuarter', '2021-2022', NULL, NULL, '2021-12-08 16:12:55'),
(807, 657, '3rdQuarter', '2021-2022', NULL, NULL, '2021-12-08 16:12:55'),
(808, 657, '4thQuarter', '2021-2022', NULL, NULL, '2021-12-08 16:12:55'),
(809, 658, '1stQuarter', '2021-2022', NULL, NULL, '2021-12-08 16:12:55'),
(810, 658, '2ndQuarter', '2021-2022', NULL, NULL, '2021-12-08 16:12:55'),
(811, 658, '3rdQuarter', '2021-2022', NULL, NULL, '2021-12-08 16:12:55'),
(812, 658, '4thQuarter', '2021-2022', NULL, NULL, '2021-12-08 16:12:55'),
(813, 659, '1stQuarter', '2021-2022', NULL, NULL, '2021-12-08 16:12:55'),
(814, 659, '2ndQuarter', '2021-2022', NULL, NULL, '2021-12-08 16:12:55'),
(815, 659, '3rdQuarter', '2021-2022', NULL, NULL, '2021-12-08 16:12:55'),
(816, 659, '4thQuarter', '2021-2022', NULL, NULL, '2021-12-08 16:12:55'),
(817, 660, '1stQuarter', '2021-2022', NULL, NULL, '2021-12-08 16:12:55'),
(818, 660, '2ndQuarter', '2021-2022', NULL, NULL, '2021-12-08 16:12:55'),
(819, 660, '3rdQuarter', '2021-2022', NULL, NULL, '2021-12-08 16:12:55'),
(820, 660, '4thQuarter', '2021-2022', NULL, NULL, '2021-12-08 16:12:55'),
(821, 661, '1stQuarter', '2021-2022', NULL, NULL, '2021-12-08 16:12:55'),
(822, 661, '2ndQuarter', '2021-2022', NULL, NULL, '2021-12-08 16:12:55'),
(823, 661, '3rdQuarter', '2021-2022', NULL, NULL, '2021-12-08 16:12:55'),
(824, 661, '4thQuarter', '2021-2022', NULL, NULL, '2021-12-08 16:12:55'),
(825, 662, '1stQuarter', '2020-2021', NULL, NULL, '2021-12-08 16:13:13'),
(826, 662, '2ndQuarter', '2020-2021', NULL, NULL, '2021-12-08 16:13:13'),
(827, 662, '3rdQuarter', '2020-2021', NULL, NULL, '2021-12-08 16:13:13'),
(828, 662, '4thQuarter', '2020-2021', NULL, NULL, '2021-12-08 16:13:13'),
(829, 663, '1stQuarter', '2020-2021', NULL, NULL, '2021-12-08 16:13:13'),
(830, 663, '2ndQuarter', '2020-2021', NULL, NULL, '2021-12-08 16:13:13'),
(831, 663, '3rdQuarter', '2020-2021', NULL, NULL, '2021-12-08 16:13:13'),
(832, 663, '4thQuarter', '2020-2021', NULL, NULL, '2021-12-08 16:13:13'),
(833, 664, '1stQuarter', '2020-2021', NULL, NULL, '2021-12-08 16:13:13'),
(834, 664, '2ndQuarter', '2020-2021', NULL, NULL, '2021-12-08 16:13:13'),
(835, 664, '3rdQuarter', '2020-2021', NULL, NULL, '2021-12-08 16:13:13'),
(836, 664, '4thQuarter', '2020-2021', NULL, NULL, '2021-12-08 16:13:13'),
(837, 665, '1stQuarter', '2020-2021', NULL, NULL, '2021-12-08 16:13:13'),
(838, 665, '2ndQuarter', '2020-2021', NULL, NULL, '2021-12-08 16:13:13'),
(839, 665, '3rdQuarter', '2020-2021', NULL, NULL, '2021-12-08 16:13:13'),
(840, 665, '4thQuarter', '2020-2021', NULL, NULL, '2021-12-08 16:13:13'),
(841, 666, '1stQuarter', '2020-2021', NULL, NULL, '2021-12-08 16:13:13'),
(842, 666, '2ndQuarter', '2020-2021', NULL, NULL, '2021-12-08 16:13:13'),
(843, 666, '3rdQuarter', '2020-2021', NULL, NULL, '2021-12-08 16:13:13'),
(844, 666, '4thQuarter', '2020-2021', NULL, NULL, '2021-12-08 16:13:13'),
(845, 667, '1stQuarter', '2020-2021', NULL, NULL, '2021-12-08 16:13:13'),
(846, 667, '2ndQuarter', '2020-2021', NULL, NULL, '2021-12-08 16:13:13'),
(847, 667, '3rdQuarter', '2020-2021', NULL, NULL, '2021-12-08 16:13:13'),
(848, 667, '4thQuarter', '2020-2021', NULL, NULL, '2021-12-08 16:13:13'),
(849, 668, '1stQuarter', '2020-2021', NULL, NULL, '2021-12-08 16:13:13'),
(850, 668, '2ndQuarter', '2020-2021', NULL, NULL, '2021-12-08 16:13:13'),
(851, 668, '3rdQuarter', '2020-2021', NULL, NULL, '2021-12-08 16:13:13'),
(852, 668, '4thQuarter', '2020-2021', NULL, NULL, '2021-12-08 16:13:13'),
(853, 669, '1stQuarter', '2020-2021', NULL, NULL, '2021-12-08 16:13:13'),
(854, 669, '2ndQuarter', '2020-2021', NULL, NULL, '2021-12-08 16:13:13'),
(855, 669, '3rdQuarter', '2020-2021', NULL, NULL, '2021-12-08 16:13:13'),
(856, 669, '4thQuarter', '2020-2021', NULL, NULL, '2021-12-08 16:13:13'),
(857, 670, '1stQuarter', '2020-2021', NULL, NULL, '2021-12-08 16:13:13'),
(858, 670, '2ndQuarter', '2020-2021', NULL, NULL, '2021-12-08 16:13:13'),
(859, 670, '3rdQuarter', '2020-2021', NULL, NULL, '2021-12-08 16:13:13'),
(860, 670, '4thQuarter', '2020-2021', NULL, NULL, '2021-12-08 16:13:13'),
(861, 671, '1stQuarter', '2020-2021', NULL, NULL, '2021-12-08 16:13:16'),
(862, 671, '2ndQuarter', '2020-2021', NULL, NULL, '2021-12-08 16:13:16'),
(863, 671, '3rdQuarter', '2020-2021', NULL, NULL, '2021-12-08 16:13:16'),
(864, 671, '4thQuarter', '2020-2021', NULL, NULL, '2021-12-08 16:13:16'),
(865, 672, '1stQuarter', '2020-2021', NULL, NULL, '2021-12-08 16:13:16'),
(866, 672, '2ndQuarter', '2020-2021', NULL, NULL, '2021-12-08 16:13:16'),
(867, 672, '3rdQuarter', '2020-2021', NULL, NULL, '2021-12-08 16:13:16'),
(868, 672, '4thQuarter', '2020-2021', NULL, NULL, '2021-12-08 16:13:16'),
(869, 673, '1stQuarter', '2020-2021', NULL, NULL, '2021-12-08 16:13:16'),
(870, 673, '2ndQuarter', '2020-2021', NULL, NULL, '2021-12-08 16:13:16'),
(871, 673, '3rdQuarter', '2020-2021', NULL, NULL, '2021-12-08 16:13:16'),
(872, 673, '4thQuarter', '2020-2021', NULL, NULL, '2021-12-08 16:13:16'),
(873, 674, '1stQuarter', '2020-2021', NULL, NULL, '2021-12-08 16:13:16'),
(874, 674, '2ndQuarter', '2020-2021', NULL, NULL, '2021-12-08 16:13:16'),
(875, 674, '3rdQuarter', '2020-2021', NULL, NULL, '2021-12-08 16:13:16'),
(876, 674, '4thQuarter', '2020-2021', NULL, NULL, '2021-12-08 16:13:16'),
(877, 675, '1stQuarter', '2020-2021', NULL, NULL, '2021-12-08 16:13:16'),
(878, 675, '2ndQuarter', '2020-2021', NULL, NULL, '2021-12-08 16:13:16'),
(879, 675, '3rdQuarter', '2020-2021', NULL, NULL, '2021-12-08 16:13:16'),
(880, 675, '4thQuarter', '2020-2021', NULL, NULL, '2021-12-08 16:13:16'),
(881, 676, '1stQuarter', '2020-2021', NULL, NULL, '2021-12-08 16:13:16'),
(882, 676, '2ndQuarter', '2020-2021', NULL, NULL, '2021-12-08 16:13:16'),
(883, 676, '3rdQuarter', '2020-2021', NULL, NULL, '2021-12-08 16:13:16'),
(884, 676, '4thQuarter', '2020-2021', NULL, NULL, '2021-12-08 16:13:16'),
(885, 677, '1stQuarter', '2020-2021', NULL, NULL, '2021-12-08 16:13:16'),
(886, 677, '2ndQuarter', '2020-2021', NULL, NULL, '2021-12-08 16:13:16'),
(887, 677, '3rdQuarter', '2020-2021', NULL, NULL, '2021-12-08 16:13:16'),
(888, 677, '4thQuarter', '2020-2021', NULL, NULL, '2021-12-08 16:13:16'),
(889, 678, '1stQuarter', '2020-2021', NULL, NULL, '2021-12-08 16:13:16'),
(890, 678, '2ndQuarter', '2020-2021', NULL, NULL, '2021-12-08 16:13:16'),
(891, 678, '3rdQuarter', '2020-2021', NULL, NULL, '2021-12-08 16:13:16'),
(892, 678, '4thQuarter', '2020-2021', NULL, NULL, '2021-12-08 16:13:16'),
(893, 679, '1stQuarter', '2019-2020', NULL, NULL, '2021-12-08 16:13:34'),
(894, 679, '2ndQuarter', '2019-2020', NULL, NULL, '2021-12-08 16:13:34'),
(895, 679, '3rdQuarter', '2019-2020', NULL, NULL, '2021-12-08 16:13:34'),
(896, 679, '4thQuarter', '2019-2020', NULL, NULL, '2021-12-08 16:13:34'),
(897, 680, '1stQuarter', '2019-2020', NULL, NULL, '2021-12-08 16:13:34'),
(898, 680, '2ndQuarter', '2019-2020', NULL, NULL, '2021-12-08 16:13:34'),
(899, 680, '3rdQuarter', '2019-2020', NULL, NULL, '2021-12-08 16:13:34'),
(900, 680, '4thQuarter', '2019-2020', NULL, NULL, '2021-12-08 16:13:34'),
(901, 681, '1stQuarter', '2019-2020', NULL, NULL, '2021-12-08 16:13:34'),
(902, 681, '2ndQuarter', '2019-2020', NULL, NULL, '2021-12-08 16:13:34'),
(903, 681, '3rdQuarter', '2019-2020', NULL, NULL, '2021-12-08 16:13:34'),
(904, 681, '4thQuarter', '2019-2020', NULL, NULL, '2021-12-08 16:13:34'),
(905, 682, '1stQuarter', '2019-2020', NULL, NULL, '2021-12-08 16:13:34'),
(906, 682, '2ndQuarter', '2019-2020', NULL, NULL, '2021-12-08 16:13:34'),
(907, 682, '3rdQuarter', '2019-2020', NULL, NULL, '2021-12-08 16:13:34'),
(908, 682, '4thQuarter', '2019-2020', NULL, NULL, '2021-12-08 16:13:34'),
(909, 683, '1stQuarter', '2019-2020', NULL, NULL, '2021-12-08 16:13:34'),
(910, 683, '2ndQuarter', '2019-2020', NULL, NULL, '2021-12-08 16:13:34'),
(911, 683, '3rdQuarter', '2019-2020', NULL, NULL, '2021-12-08 16:13:34'),
(912, 683, '4thQuarter', '2019-2020', NULL, NULL, '2021-12-08 16:13:34'),
(913, 684, '1stQuarter', '2019-2020', NULL, NULL, '2021-12-08 16:13:34'),
(914, 684, '2ndQuarter', '2019-2020', NULL, NULL, '2021-12-08 16:13:34'),
(915, 684, '3rdQuarter', '2019-2020', NULL, NULL, '2021-12-08 16:13:34'),
(916, 684, '4thQuarter', '2019-2020', NULL, NULL, '2021-12-08 16:13:34'),
(917, 685, '1stQuarter', '2019-2020', NULL, NULL, '2021-12-08 16:13:34'),
(918, 685, '2ndQuarter', '2019-2020', NULL, NULL, '2021-12-08 16:13:34'),
(919, 685, '3rdQuarter', '2019-2020', NULL, NULL, '2021-12-08 16:13:34'),
(920, 685, '4thQuarter', '2019-2020', NULL, NULL, '2021-12-08 16:13:34'),
(921, 686, '1stQuarter', '2019-2020', NULL, NULL, '2021-12-08 16:13:34'),
(922, 686, '2ndQuarter', '2019-2020', NULL, NULL, '2021-12-08 16:13:34'),
(923, 686, '3rdQuarter', '2019-2020', NULL, NULL, '2021-12-08 16:13:34'),
(924, 686, '4thQuarter', '2019-2020', NULL, NULL, '2021-12-08 16:13:34'),
(925, 687, '1stQuarter', '2021-2022', NULL, NULL, '2021-12-08 16:13:35'),
(926, 687, '2ndQuarter', '2021-2022', NULL, NULL, '2021-12-08 16:13:35'),
(927, 687, '3rdQuarter', '2021-2022', NULL, NULL, '2021-12-08 16:13:35'),
(928, 687, '4thQuarter', '2021-2022', NULL, NULL, '2021-12-08 16:13:35'),
(929, 688, '1stQuarter', '2021-2022', NULL, NULL, '2021-12-08 16:13:35'),
(930, 688, '2ndQuarter', '2021-2022', NULL, NULL, '2021-12-08 16:13:35'),
(931, 688, '3rdQuarter', '2021-2022', NULL, NULL, '2021-12-08 16:13:35'),
(932, 688, '4thQuarter', '2021-2022', NULL, NULL, '2021-12-08 16:13:35'),
(933, 689, '1stQuarter', '2021-2022', NULL, NULL, '2021-12-08 16:13:35'),
(934, 689, '2ndQuarter', '2021-2022', NULL, NULL, '2021-12-08 16:13:35'),
(935, 689, '3rdQuarter', '2021-2022', NULL, NULL, '2021-12-08 16:13:35'),
(936, 689, '4thQuarter', '2021-2022', NULL, NULL, '2021-12-08 16:13:35'),
(937, 690, '1stQuarter', '2021-2022', NULL, NULL, '2021-12-08 16:13:35'),
(938, 690, '2ndQuarter', '2021-2022', NULL, NULL, '2021-12-08 16:13:35'),
(939, 690, '3rdQuarter', '2021-2022', NULL, NULL, '2021-12-08 16:13:35'),
(940, 690, '4thQuarter', '2021-2022', NULL, NULL, '2021-12-08 16:13:35'),
(941, 691, '1stQuarter', '2021-2022', NULL, NULL, '2021-12-08 16:13:35'),
(942, 691, '2ndQuarter', '2021-2022', NULL, NULL, '2021-12-08 16:13:35'),
(943, 691, '3rdQuarter', '2021-2022', NULL, NULL, '2021-12-08 16:13:35'),
(944, 691, '4thQuarter', '2021-2022', NULL, NULL, '2021-12-08 16:13:35'),
(945, 692, '1stQuarter', '2021-2022', NULL, NULL, '2021-12-08 16:13:35'),
(946, 692, '2ndQuarter', '2021-2022', NULL, NULL, '2021-12-08 16:13:35'),
(947, 692, '3rdQuarter', '2021-2022', NULL, NULL, '2021-12-08 16:13:35'),
(948, 692, '4thQuarter', '2021-2022', NULL, NULL, '2021-12-08 16:13:35'),
(949, 693, '1stQuarter', '2021-2022', NULL, NULL, '2021-12-08 16:13:35'),
(950, 693, '2ndQuarter', '2021-2022', NULL, NULL, '2021-12-08 16:13:35'),
(951, 693, '3rdQuarter', '2021-2022', NULL, NULL, '2021-12-08 16:13:35'),
(952, 693, '4thQuarter', '2021-2022', NULL, NULL, '2021-12-08 16:13:35'),
(953, 694, '1stQuarter', '2021-2022', NULL, NULL, '2021-12-08 16:13:35'),
(954, 694, '2ndQuarter', '2021-2022', NULL, NULL, '2021-12-08 16:13:35'),
(955, 694, '3rdQuarter', '2021-2022', NULL, NULL, '2021-12-08 16:13:35'),
(956, 694, '4thQuarter', '2021-2022', NULL, NULL, '2021-12-08 16:13:35'),
(957, 695, '1stQuarter', '2018-2019', 75, '', '2021-12-08 16:14:00'),
(958, 695, '2ndQuarter', '2018-2019', NULL, NULL, '2021-12-08 16:14:00'),
(959, 695, '3rdQuarter', '2018-2019', NULL, NULL, '2021-12-08 16:14:00'),
(960, 695, '4thQuarter', '2018-2019', NULL, NULL, '2021-12-08 16:14:00'),
(961, 696, '1stQuarter', '2018-2019', NULL, NULL, '2021-12-08 16:14:00'),
(962, 696, '2ndQuarter', '2018-2019', NULL, NULL, '2021-12-08 16:14:00'),
(963, 696, '3rdQuarter', '2018-2019', NULL, NULL, '2021-12-08 16:14:00'),
(964, 696, '4thQuarter', '2018-2019', NULL, NULL, '2021-12-08 16:14:00'),
(965, 697, '1stQuarter', '2018-2019', NULL, NULL, '2021-12-08 16:14:00'),
(966, 697, '2ndQuarter', '2018-2019', NULL, NULL, '2021-12-08 16:14:00'),
(967, 697, '3rdQuarter', '2018-2019', NULL, NULL, '2021-12-08 16:14:00'),
(968, 697, '4thQuarter', '2018-2019', NULL, NULL, '2021-12-08 16:14:00'),
(969, 698, '1stQuarter', '2018-2019', NULL, NULL, '2021-12-08 16:14:00'),
(970, 698, '2ndQuarter', '2018-2019', NULL, NULL, '2021-12-08 16:14:00'),
(971, 698, '3rdQuarter', '2018-2019', NULL, NULL, '2021-12-08 16:14:00'),
(972, 698, '4thQuarter', '2018-2019', NULL, NULL, '2021-12-08 16:14:00'),
(973, 699, '1stQuarter', '2018-2019', NULL, NULL, '2021-12-08 16:14:00'),
(974, 699, '2ndQuarter', '2018-2019', NULL, NULL, '2021-12-08 16:14:00'),
(975, 699, '3rdQuarter', '2018-2019', NULL, NULL, '2021-12-08 16:14:00'),
(976, 699, '4thQuarter', '2018-2019', NULL, NULL, '2021-12-08 16:14:00'),
(977, 700, '1stQuarter', '2018-2019', NULL, NULL, '2021-12-08 16:14:00'),
(978, 700, '2ndQuarter', '2018-2019', NULL, NULL, '2021-12-08 16:14:00'),
(979, 700, '3rdQuarter', '2018-2019', NULL, NULL, '2021-12-08 16:14:00'),
(980, 700, '4thQuarter', '2018-2019', NULL, NULL, '2021-12-08 16:14:00'),
(981, 701, '1stQuarter', '2018-2019', NULL, NULL, '2021-12-08 16:14:00'),
(982, 701, '2ndQuarter', '2018-2019', NULL, NULL, '2021-12-08 16:14:00'),
(983, 701, '3rdQuarter', '2018-2019', NULL, NULL, '2021-12-08 16:14:00'),
(984, 701, '4thQuarter', '2018-2019', NULL, NULL, '2021-12-08 16:14:00'),
(985, 702, '1stQuarter', '2018-2019', NULL, NULL, '2021-12-08 16:14:00'),
(986, 702, '2ndQuarter', '2018-2019', NULL, NULL, '2021-12-08 16:14:00'),
(987, 702, '3rdQuarter', '2018-2019', NULL, NULL, '2021-12-08 16:14:00'),
(988, 702, '4thQuarter', '2018-2019', NULL, NULL, '2021-12-08 16:14:00'),
(989, 703, '1stQuarter', '2018-2019', NULL, NULL, '2021-12-08 16:14:00'),
(990, 703, '2ndQuarter', '2018-2019', NULL, NULL, '2021-12-08 16:14:00'),
(991, 703, '3rdQuarter', '2018-2019', NULL, NULL, '2021-12-08 16:14:00'),
(992, 703, '4thQuarter', '2018-2019', NULL, NULL, '2021-12-08 16:14:00'),
(993, 704, '1stQuarter', '2021-2022', NULL, NULL, '2021-12-08 16:14:27'),
(994, 704, '2ndQuarter', '2021-2022', NULL, NULL, '2021-12-08 16:14:27'),
(995, 704, '3rdQuarter', '2021-2022', NULL, NULL, '2021-12-08 16:14:27'),
(996, 704, '4thQuarter', '2021-2022', NULL, NULL, '2021-12-08 16:14:27'),
(997, 705, '1stQuarter', '2021-2022', NULL, NULL, '2021-12-08 16:14:27'),
(998, 705, '2ndQuarter', '2021-2022', NULL, NULL, '2021-12-08 16:14:27'),
(999, 705, '3rdQuarter', '2021-2022', NULL, NULL, '2021-12-08 16:14:27'),
(1000, 705, '4thQuarter', '2021-2022', NULL, NULL, '2021-12-08 16:14:27'),
(1001, 706, '1stQuarter', '2021-2022', NULL, NULL, '2021-12-08 16:14:27'),
(1002, 706, '2ndQuarter', '2021-2022', NULL, NULL, '2021-12-08 16:14:27'),
(1003, 706, '3rdQuarter', '2021-2022', NULL, NULL, '2021-12-08 16:14:27'),
(1004, 706, '4thQuarter', '2021-2022', NULL, NULL, '2021-12-08 16:14:27'),
(1005, 707, '1stQuarter', '2021-2022', NULL, NULL, '2021-12-08 16:14:27'),
(1006, 707, '2ndQuarter', '2021-2022', NULL, NULL, '2021-12-08 16:14:27'),
(1007, 707, '3rdQuarter', '2021-2022', NULL, NULL, '2021-12-08 16:14:27'),
(1008, 707, '4thQuarter', '2021-2022', NULL, NULL, '2021-12-08 16:14:27'),
(1009, 708, '1stQuarter', '2021-2022', NULL, NULL, '2021-12-08 16:14:27'),
(1010, 708, '2ndQuarter', '2021-2022', NULL, NULL, '2021-12-08 16:14:27'),
(1011, 708, '3rdQuarter', '2021-2022', NULL, NULL, '2021-12-08 16:14:27'),
(1012, 708, '4thQuarter', '2021-2022', NULL, NULL, '2021-12-08 16:14:27'),
(1013, 709, '1stQuarter', '2021-2022', NULL, NULL, '2021-12-08 16:14:27'),
(1014, 709, '2ndQuarter', '2021-2022', NULL, NULL, '2021-12-08 16:14:27'),
(1015, 709, '3rdQuarter', '2021-2022', NULL, NULL, '2021-12-08 16:14:27'),
(1016, 709, '4thQuarter', '2021-2022', NULL, NULL, '2021-12-08 16:14:27'),
(1017, 710, '1stQuarter', '2021-2022', NULL, NULL, '2021-12-08 16:14:27'),
(1018, 710, '2ndQuarter', '2021-2022', NULL, NULL, '2021-12-08 16:14:27'),
(1019, 710, '3rdQuarter', '2021-2022', NULL, NULL, '2021-12-08 16:14:27'),
(1020, 710, '4thQuarter', '2021-2022', NULL, NULL, '2021-12-08 16:14:27'),
(1021, 711, '1stQuarter', '2021-2022', NULL, NULL, '2021-12-08 16:14:27'),
(1022, 711, '2ndQuarter', '2021-2022', NULL, NULL, '2021-12-08 16:14:27'),
(1023, 711, '3rdQuarter', '2021-2022', NULL, NULL, '2021-12-08 16:14:27'),
(1024, 711, '4thQuarter', '2021-2022', NULL, NULL, '2021-12-08 16:14:27'),
(1025, 712, '1stQuarter', '2021-2022', NULL, NULL, '2021-12-08 16:14:27'),
(1026, 712, '2ndQuarter', '2021-2022', NULL, NULL, '2021-12-08 16:14:27'),
(1027, 712, '3rdQuarter', '2021-2022', NULL, NULL, '2021-12-08 16:14:27'),
(1028, 712, '4thQuarter', '2021-2022', NULL, NULL, '2021-12-08 16:14:27'),
(1029, 713, '1stQuarter', '2020-2021', NULL, NULL, '2021-12-08 16:14:29'),
(1030, 713, '2ndQuarter', '2020-2021', NULL, NULL, '2021-12-08 16:14:29'),
(1031, 713, '3rdQuarter', '2020-2021', NULL, NULL, '2021-12-08 16:14:29'),
(1032, 713, '4thQuarter', '2020-2021', NULL, NULL, '2021-12-08 16:14:29'),
(1033, 714, '1stQuarter', '2020-2021', NULL, NULL, '2021-12-08 16:14:29'),
(1034, 714, '2ndQuarter', '2020-2021', NULL, NULL, '2021-12-08 16:14:29'),
(1035, 714, '3rdQuarter', '2020-2021', NULL, NULL, '2021-12-08 16:14:29'),
(1036, 714, '4thQuarter', '2020-2021', NULL, NULL, '2021-12-08 16:14:29'),
(1037, 715, '1stQuarter', '2020-2021', NULL, NULL, '2021-12-08 16:14:29'),
(1038, 715, '2ndQuarter', '2020-2021', NULL, NULL, '2021-12-08 16:14:29'),
(1039, 715, '3rdQuarter', '2020-2021', NULL, NULL, '2021-12-08 16:14:29'),
(1040, 715, '4thQuarter', '2020-2021', NULL, NULL, '2021-12-08 16:14:29'),
(1041, 716, '1stQuarter', '2020-2021', NULL, NULL, '2021-12-08 16:14:29'),
(1042, 716, '2ndQuarter', '2020-2021', NULL, NULL, '2021-12-08 16:14:29'),
(1043, 716, '3rdQuarter', '2020-2021', NULL, NULL, '2021-12-08 16:14:29'),
(1044, 716, '4thQuarter', '2020-2021', NULL, NULL, '2021-12-08 16:14:29'),
(1045, 717, '1stQuarter', '2020-2021', NULL, NULL, '2021-12-08 16:14:29'),
(1046, 717, '2ndQuarter', '2020-2021', NULL, NULL, '2021-12-08 16:14:29'),
(1047, 717, '3rdQuarter', '2020-2021', NULL, NULL, '2021-12-08 16:14:29'),
(1048, 717, '4thQuarter', '2020-2021', NULL, NULL, '2021-12-08 16:14:29'),
(1049, 718, '1stQuarter', '2020-2021', NULL, NULL, '2021-12-08 16:14:29'),
(1050, 718, '2ndQuarter', '2020-2021', NULL, NULL, '2021-12-08 16:14:29'),
(1051, 718, '3rdQuarter', '2020-2021', NULL, NULL, '2021-12-08 16:14:29'),
(1052, 718, '4thQuarter', '2020-2021', NULL, NULL, '2021-12-08 16:14:29'),
(1053, 719, '1stQuarter', '2020-2021', NULL, NULL, '2021-12-08 16:14:29'),
(1054, 719, '2ndQuarter', '2020-2021', NULL, NULL, '2021-12-08 16:14:29'),
(1055, 719, '3rdQuarter', '2020-2021', NULL, NULL, '2021-12-08 16:14:29'),
(1056, 719, '4thQuarter', '2020-2021', NULL, NULL, '2021-12-08 16:14:29'),
(1057, 720, '1stQuarter', '2020-2021', NULL, NULL, '2021-12-08 16:14:29'),
(1058, 720, '2ndQuarter', '2020-2021', NULL, NULL, '2021-12-08 16:14:29'),
(1059, 720, '3rdQuarter', '2020-2021', NULL, NULL, '2021-12-08 16:14:29'),
(1060, 720, '4thQuarter', '2020-2021', NULL, NULL, '2021-12-08 16:14:29'),
(1061, 721, '1stQuarter', '2020-2021', NULL, NULL, '2021-12-08 16:14:29'),
(1062, 721, '2ndQuarter', '2020-2021', NULL, NULL, '2021-12-08 16:14:29'),
(1063, 721, '3rdQuarter', '2020-2021', NULL, NULL, '2021-12-08 16:14:29'),
(1064, 721, '4thQuarter', '2020-2021', NULL, NULL, '2021-12-08 16:14:29'),
(1065, 722, '1stQuarter', '2020-2021', NULL, NULL, '2021-12-08 16:14:46'),
(1066, 722, '2ndQuarter', '2020-2021', NULL, NULL, '2021-12-08 16:14:46'),
(1067, 722, '3rdQuarter', '2020-2021', NULL, NULL, '2021-12-08 16:14:46'),
(1068, 722, '4thQuarter', '2020-2021', NULL, NULL, '2021-12-08 16:14:46'),
(1069, 723, '1stQuarter', '2020-2021', NULL, NULL, '2021-12-08 16:14:46'),
(1070, 723, '2ndQuarter', '2020-2021', NULL, NULL, '2021-12-08 16:14:46'),
(1071, 723, '3rdQuarter', '2020-2021', NULL, NULL, '2021-12-08 16:14:46'),
(1072, 723, '4thQuarter', '2020-2021', NULL, NULL, '2021-12-08 16:14:46'),
(1073, 724, '1stQuarter', '2020-2021', NULL, NULL, '2021-12-08 16:14:46'),
(1074, 724, '2ndQuarter', '2020-2021', NULL, NULL, '2021-12-08 16:14:46'),
(1075, 724, '3rdQuarter', '2020-2021', NULL, NULL, '2021-12-08 16:14:46'),
(1076, 724, '4thQuarter', '2020-2021', NULL, NULL, '2021-12-08 16:14:46'),
(1077, 725, '1stQuarter', '2020-2021', NULL, NULL, '2021-12-08 16:14:46'),
(1078, 725, '2ndQuarter', '2020-2021', NULL, NULL, '2021-12-08 16:14:46'),
(1079, 725, '3rdQuarter', '2020-2021', NULL, NULL, '2021-12-08 16:14:46'),
(1080, 725, '4thQuarter', '2020-2021', NULL, NULL, '2021-12-08 16:14:46'),
(1081, 726, '1stQuarter', '2020-2021', NULL, NULL, '2021-12-08 16:14:46'),
(1082, 726, '2ndQuarter', '2020-2021', NULL, NULL, '2021-12-08 16:14:46'),
(1083, 726, '3rdQuarter', '2020-2021', NULL, NULL, '2021-12-08 16:14:46'),
(1084, 726, '4thQuarter', '2020-2021', NULL, NULL, '2021-12-08 16:14:46'),
(1085, 727, '1stQuarter', '2020-2021', NULL, NULL, '2021-12-08 16:14:46'),
(1086, 727, '2ndQuarter', '2020-2021', NULL, NULL, '2021-12-08 16:14:46'),
(1087, 727, '3rdQuarter', '2020-2021', NULL, NULL, '2021-12-08 16:14:46'),
(1088, 727, '4thQuarter', '2020-2021', NULL, NULL, '2021-12-08 16:14:46'),
(1089, 728, '1stQuarter', '2020-2021', NULL, NULL, '2021-12-08 16:14:46'),
(1090, 728, '2ndQuarter', '2020-2021', NULL, NULL, '2021-12-08 16:14:46'),
(1091, 728, '3rdQuarter', '2020-2021', NULL, NULL, '2021-12-08 16:14:46'),
(1092, 728, '4thQuarter', '2020-2021', NULL, NULL, '2021-12-08 16:14:46'),
(1093, 729, '1stQuarter', '2020-2021', NULL, NULL, '2021-12-08 16:14:46'),
(1094, 729, '2ndQuarter', '2020-2021', NULL, NULL, '2021-12-08 16:14:46'),
(1095, 729, '3rdQuarter', '2020-2021', NULL, NULL, '2021-12-08 16:14:46');
INSERT INTO `tblgrade` (`id`, `studentsubjloadid`, `gradingperiod`, `schoolyear`, `grade`, `notes`, `dateadded`) VALUES
(1096, 729, '4thQuarter', '2020-2021', NULL, NULL, '2021-12-08 16:14:46'),
(1097, 730, '1stQuarter', '2021-2022', NULL, NULL, '2021-12-08 16:14:50'),
(1098, 730, '2ndQuarter', '2021-2022', NULL, NULL, '2021-12-08 16:14:50'),
(1099, 730, '3rdQuarter', '2021-2022', NULL, NULL, '2021-12-08 16:14:50'),
(1100, 730, '4thQuarter', '2021-2022', NULL, NULL, '2021-12-08 16:14:50'),
(1101, 731, '1stQuarter', '2021-2022', NULL, NULL, '2021-12-08 16:14:50'),
(1102, 731, '2ndQuarter', '2021-2022', NULL, NULL, '2021-12-08 16:14:50'),
(1103, 731, '3rdQuarter', '2021-2022', NULL, NULL, '2021-12-08 16:14:50'),
(1104, 731, '4thQuarter', '2021-2022', NULL, NULL, '2021-12-08 16:14:50'),
(1105, 732, '1stQuarter', '2021-2022', NULL, NULL, '2021-12-08 16:14:50'),
(1106, 732, '2ndQuarter', '2021-2022', NULL, NULL, '2021-12-08 16:14:50'),
(1107, 732, '3rdQuarter', '2021-2022', NULL, NULL, '2021-12-08 16:14:50'),
(1108, 732, '4thQuarter', '2021-2022', NULL, NULL, '2021-12-08 16:14:50'),
(1109, 733, '1stQuarter', '2021-2022', NULL, NULL, '2021-12-08 16:14:50'),
(1110, 733, '2ndQuarter', '2021-2022', NULL, NULL, '2021-12-08 16:14:50'),
(1111, 733, '3rdQuarter', '2021-2022', NULL, NULL, '2021-12-08 16:14:50'),
(1112, 733, '4thQuarter', '2021-2022', NULL, NULL, '2021-12-08 16:14:50'),
(1113, 734, '1stQuarter', '2021-2022', NULL, NULL, '2021-12-08 16:14:50'),
(1114, 734, '2ndQuarter', '2021-2022', NULL, NULL, '2021-12-08 16:14:50'),
(1115, 734, '3rdQuarter', '2021-2022', NULL, NULL, '2021-12-08 16:14:50'),
(1116, 734, '4thQuarter', '2021-2022', NULL, NULL, '2021-12-08 16:14:50'),
(1117, 735, '1stQuarter', '2021-2022', NULL, NULL, '2021-12-08 16:14:50'),
(1118, 735, '2ndQuarter', '2021-2022', NULL, NULL, '2021-12-08 16:14:50'),
(1119, 735, '3rdQuarter', '2021-2022', NULL, NULL, '2021-12-08 16:14:50'),
(1120, 735, '4thQuarter', '2021-2022', NULL, NULL, '2021-12-08 16:14:50'),
(1121, 736, '1stQuarter', '2021-2022', NULL, NULL, '2021-12-08 16:14:50'),
(1122, 736, '2ndQuarter', '2021-2022', NULL, NULL, '2021-12-08 16:14:50'),
(1123, 736, '3rdQuarter', '2021-2022', NULL, NULL, '2021-12-08 16:14:50'),
(1124, 736, '4thQuarter', '2021-2022', NULL, NULL, '2021-12-08 16:14:50'),
(1125, 737, '1stQuarter', '2021-2022', NULL, NULL, '2021-12-08 16:14:50'),
(1126, 737, '2ndQuarter', '2021-2022', NULL, NULL, '2021-12-08 16:14:50'),
(1127, 737, '3rdQuarter', '2021-2022', NULL, NULL, '2021-12-08 16:14:50'),
(1128, 737, '4thQuarter', '2021-2022', NULL, NULL, '2021-12-08 16:14:50'),
(1129, 738, '1stQuarter', '2019-2020', NULL, NULL, '2021-12-08 16:15:07'),
(1130, 738, '2ndQuarter', '2019-2020', NULL, NULL, '2021-12-08 16:15:07'),
(1131, 738, '3rdQuarter', '2019-2020', NULL, NULL, '2021-12-08 16:15:07'),
(1132, 738, '4thQuarter', '2019-2020', NULL, NULL, '2021-12-08 16:15:07'),
(1133, 739, '1stQuarter', '2019-2020', NULL, NULL, '2021-12-08 16:15:07'),
(1134, 739, '2ndQuarter', '2019-2020', NULL, NULL, '2021-12-08 16:15:07'),
(1135, 739, '3rdQuarter', '2019-2020', NULL, NULL, '2021-12-08 16:15:07'),
(1136, 739, '4thQuarter', '2019-2020', NULL, NULL, '2021-12-08 16:15:07'),
(1137, 740, '1stQuarter', '2019-2020', NULL, NULL, '2021-12-08 16:15:07'),
(1138, 740, '2ndQuarter', '2019-2020', NULL, NULL, '2021-12-08 16:15:07'),
(1139, 740, '3rdQuarter', '2019-2020', NULL, NULL, '2021-12-08 16:15:07'),
(1140, 740, '4thQuarter', '2019-2020', NULL, NULL, '2021-12-08 16:15:07'),
(1141, 741, '1stQuarter', '2019-2020', NULL, NULL, '2021-12-08 16:15:07'),
(1142, 741, '2ndQuarter', '2019-2020', NULL, NULL, '2021-12-08 16:15:07'),
(1143, 741, '3rdQuarter', '2019-2020', NULL, NULL, '2021-12-08 16:15:07'),
(1144, 741, '4thQuarter', '2019-2020', NULL, NULL, '2021-12-08 16:15:07'),
(1145, 742, '1stQuarter', '2019-2020', NULL, NULL, '2021-12-08 16:15:07'),
(1146, 742, '2ndQuarter', '2019-2020', NULL, NULL, '2021-12-08 16:15:07'),
(1147, 742, '3rdQuarter', '2019-2020', NULL, NULL, '2021-12-08 16:15:07'),
(1148, 742, '4thQuarter', '2019-2020', NULL, NULL, '2021-12-08 16:15:07'),
(1149, 743, '1stQuarter', '2019-2020', NULL, NULL, '2021-12-08 16:15:07'),
(1150, 743, '2ndQuarter', '2019-2020', NULL, NULL, '2021-12-08 16:15:07'),
(1151, 743, '3rdQuarter', '2019-2020', NULL, NULL, '2021-12-08 16:15:07'),
(1152, 743, '4thQuarter', '2019-2020', NULL, NULL, '2021-12-08 16:15:07'),
(1153, 744, '1stQuarter', '2019-2020', NULL, NULL, '2021-12-08 16:15:07'),
(1154, 744, '2ndQuarter', '2019-2020', NULL, NULL, '2021-12-08 16:15:07'),
(1155, 744, '3rdQuarter', '2019-2020', NULL, NULL, '2021-12-08 16:15:07'),
(1156, 744, '4thQuarter', '2019-2020', NULL, NULL, '2021-12-08 16:15:07'),
(1157, 745, '1stQuarter', '2019-2020', NULL, NULL, '2021-12-08 16:15:07'),
(1158, 745, '2ndQuarter', '2019-2020', NULL, NULL, '2021-12-08 16:15:07'),
(1159, 745, '3rdQuarter', '2019-2020', NULL, NULL, '2021-12-08 16:15:07'),
(1160, 745, '4thQuarter', '2019-2020', NULL, NULL, '2021-12-08 16:15:07'),
(1161, 746, '1stQuarter', '2018-2019', NULL, NULL, '2021-12-08 16:16:00'),
(1162, 746, '2ndQuarter', '2018-2019', NULL, NULL, '2021-12-08 16:16:00'),
(1163, 746, '3rdQuarter', '2018-2019', NULL, NULL, '2021-12-08 16:16:00'),
(1164, 746, '4thQuarter', '2018-2019', NULL, NULL, '2021-12-08 16:16:00'),
(1165, 747, '1stQuarter', '2018-2019', NULL, NULL, '2021-12-08 16:16:00'),
(1166, 747, '2ndQuarter', '2018-2019', NULL, NULL, '2021-12-08 16:16:00'),
(1167, 747, '3rdQuarter', '2018-2019', NULL, NULL, '2021-12-08 16:16:00'),
(1168, 747, '4thQuarter', '2018-2019', NULL, NULL, '2021-12-08 16:16:00'),
(1169, 748, '1stQuarter', '2018-2019', NULL, NULL, '2021-12-08 16:16:00'),
(1170, 748, '2ndQuarter', '2018-2019', NULL, NULL, '2021-12-08 16:16:00'),
(1171, 748, '3rdQuarter', '2018-2019', NULL, NULL, '2021-12-08 16:16:00'),
(1172, 748, '4thQuarter', '2018-2019', NULL, NULL, '2021-12-08 16:16:00'),
(1173, 749, '1stQuarter', '2018-2019', NULL, NULL, '2021-12-08 16:16:00'),
(1174, 749, '2ndQuarter', '2018-2019', NULL, NULL, '2021-12-08 16:16:00'),
(1175, 749, '3rdQuarter', '2018-2019', NULL, NULL, '2021-12-08 16:16:00'),
(1176, 749, '4thQuarter', '2018-2019', NULL, NULL, '2021-12-08 16:16:00'),
(1177, 750, '1stQuarter', '2018-2019', NULL, NULL, '2021-12-08 16:16:00'),
(1178, 750, '2ndQuarter', '2018-2019', NULL, NULL, '2021-12-08 16:16:00'),
(1179, 750, '3rdQuarter', '2018-2019', NULL, NULL, '2021-12-08 16:16:00'),
(1180, 750, '4thQuarter', '2018-2019', NULL, NULL, '2021-12-08 16:16:00'),
(1181, 751, '1stQuarter', '2018-2019', NULL, NULL, '2021-12-08 16:16:00'),
(1182, 751, '2ndQuarter', '2018-2019', NULL, NULL, '2021-12-08 16:16:00'),
(1183, 751, '3rdQuarter', '2018-2019', NULL, NULL, '2021-12-08 16:16:00'),
(1184, 751, '4thQuarter', '2018-2019', NULL, NULL, '2021-12-08 16:16:00'),
(1185, 752, '1stQuarter', '2018-2019', NULL, NULL, '2021-12-08 16:16:00'),
(1186, 752, '2ndQuarter', '2018-2019', NULL, NULL, '2021-12-08 16:16:00'),
(1187, 752, '3rdQuarter', '2018-2019', NULL, NULL, '2021-12-08 16:16:00'),
(1188, 752, '4thQuarter', '2018-2019', NULL, NULL, '2021-12-08 16:16:00'),
(1189, 753, '1stQuarter', '2018-2019', NULL, NULL, '2021-12-08 16:16:00'),
(1190, 753, '2ndQuarter', '2018-2019', NULL, NULL, '2021-12-08 16:16:00'),
(1191, 753, '3rdQuarter', '2018-2019', NULL, NULL, '2021-12-08 16:16:00'),
(1192, 753, '4thQuarter', '2018-2019', NULL, NULL, '2021-12-08 16:16:00'),
(1193, 754, '1stQuarter', '2018-2019', NULL, NULL, '2021-12-08 16:16:00'),
(1194, 754, '2ndQuarter', '2018-2019', NULL, NULL, '2021-12-08 16:16:00'),
(1195, 754, '3rdQuarter', '2018-2019', NULL, NULL, '2021-12-08 16:16:00'),
(1196, 754, '4thQuarter', '2018-2019', NULL, NULL, '2021-12-08 16:16:00'),
(1197, 755, '1stQuarter', '2021-2022', NULL, NULL, '2021-12-08 16:16:42'),
(1198, 755, '2ndQuarter', '2021-2022', NULL, NULL, '2021-12-08 16:16:42'),
(1199, 755, '3rdQuarter', '2021-2022', NULL, NULL, '2021-12-08 16:16:42'),
(1200, 755, '4thQuarter', '2021-2022', NULL, NULL, '2021-12-08 16:16:42'),
(1201, 756, '1stQuarter', '2021-2022', NULL, NULL, '2021-12-08 16:16:42'),
(1202, 756, '2ndQuarter', '2021-2022', NULL, NULL, '2021-12-08 16:16:42'),
(1203, 756, '3rdQuarter', '2021-2022', NULL, NULL, '2021-12-08 16:16:42'),
(1204, 756, '4thQuarter', '2021-2022', NULL, NULL, '2021-12-08 16:16:42'),
(1205, 757, '1stQuarter', '2021-2022', NULL, NULL, '2021-12-08 16:16:42'),
(1206, 757, '2ndQuarter', '2021-2022', NULL, NULL, '2021-12-08 16:16:42'),
(1207, 757, '3rdQuarter', '2021-2022', NULL, NULL, '2021-12-08 16:16:42'),
(1208, 757, '4thQuarter', '2021-2022', NULL, NULL, '2021-12-08 16:16:42'),
(1209, 758, '1stQuarter', '2021-2022', NULL, NULL, '2021-12-08 16:16:42'),
(1210, 758, '2ndQuarter', '2021-2022', NULL, NULL, '2021-12-08 16:16:42'),
(1211, 758, '3rdQuarter', '2021-2022', NULL, NULL, '2021-12-08 16:16:42'),
(1212, 758, '4thQuarter', '2021-2022', NULL, NULL, '2021-12-08 16:16:42'),
(1213, 759, '1stQuarter', '2021-2022', NULL, NULL, '2021-12-08 16:16:42'),
(1214, 759, '2ndQuarter', '2021-2022', NULL, NULL, '2021-12-08 16:16:42'),
(1215, 759, '3rdQuarter', '2021-2022', NULL, NULL, '2021-12-08 16:16:42'),
(1216, 759, '4thQuarter', '2021-2022', NULL, NULL, '2021-12-08 16:16:42'),
(1217, 760, '1stQuarter', '2021-2022', NULL, NULL, '2021-12-08 16:16:42'),
(1218, 760, '2ndQuarter', '2021-2022', NULL, NULL, '2021-12-08 16:16:42'),
(1219, 760, '3rdQuarter', '2021-2022', NULL, NULL, '2021-12-08 16:16:42'),
(1220, 760, '4thQuarter', '2021-2022', NULL, NULL, '2021-12-08 16:16:42'),
(1221, 761, '1stQuarter', '2021-2022', NULL, NULL, '2021-12-08 16:16:42'),
(1222, 761, '2ndQuarter', '2021-2022', NULL, NULL, '2021-12-08 16:16:42'),
(1223, 761, '3rdQuarter', '2021-2022', NULL, NULL, '2021-12-08 16:16:42'),
(1224, 761, '4thQuarter', '2021-2022', NULL, NULL, '2021-12-08 16:16:42'),
(1225, 762, '1stQuarter', '2021-2022', NULL, NULL, '2021-12-08 16:16:42'),
(1226, 762, '2ndQuarter', '2021-2022', NULL, NULL, '2021-12-08 16:16:42'),
(1227, 762, '3rdQuarter', '2021-2022', NULL, NULL, '2021-12-08 16:16:42'),
(1228, 762, '4thQuarter', '2021-2022', NULL, NULL, '2021-12-08 16:16:42'),
(1229, 763, '1stQuarter', '2018-2019', NULL, NULL, '2021-12-08 16:16:47'),
(1230, 763, '2ndQuarter', '2018-2019', NULL, NULL, '2021-12-08 16:16:47'),
(1231, 763, '3rdQuarter', '2018-2019', NULL, NULL, '2021-12-08 16:16:47'),
(1232, 763, '4thQuarter', '2018-2019', NULL, NULL, '2021-12-08 16:16:47'),
(1233, 764, '1stQuarter', '2018-2019', NULL, NULL, '2021-12-08 16:16:47'),
(1234, 764, '2ndQuarter', '2018-2019', NULL, NULL, '2021-12-08 16:16:47'),
(1235, 764, '3rdQuarter', '2018-2019', NULL, NULL, '2021-12-08 16:16:47'),
(1236, 764, '4thQuarter', '2018-2019', NULL, NULL, '2021-12-08 16:16:47'),
(1237, 765, '1stQuarter', '2018-2019', NULL, NULL, '2021-12-08 16:16:47'),
(1238, 765, '2ndQuarter', '2018-2019', NULL, NULL, '2021-12-08 16:16:47'),
(1239, 765, '3rdQuarter', '2018-2019', NULL, NULL, '2021-12-08 16:16:47'),
(1240, 765, '4thQuarter', '2018-2019', NULL, NULL, '2021-12-08 16:16:47'),
(1241, 766, '1stQuarter', '2018-2019', NULL, NULL, '2021-12-08 16:16:47'),
(1242, 766, '2ndQuarter', '2018-2019', NULL, NULL, '2021-12-08 16:16:47'),
(1243, 766, '3rdQuarter', '2018-2019', NULL, NULL, '2021-12-08 16:16:47'),
(1244, 766, '4thQuarter', '2018-2019', NULL, NULL, '2021-12-08 16:16:47'),
(1245, 767, '1stQuarter', '2018-2019', NULL, NULL, '2021-12-08 16:16:47'),
(1246, 767, '2ndQuarter', '2018-2019', NULL, NULL, '2021-12-08 16:16:47'),
(1247, 767, '3rdQuarter', '2018-2019', NULL, NULL, '2021-12-08 16:16:47'),
(1248, 767, '4thQuarter', '2018-2019', NULL, NULL, '2021-12-08 16:16:47'),
(1249, 768, '1stQuarter', '2018-2019', NULL, NULL, '2021-12-08 16:16:47'),
(1250, 768, '2ndQuarter', '2018-2019', NULL, NULL, '2021-12-08 16:16:47'),
(1251, 768, '3rdQuarter', '2018-2019', NULL, NULL, '2021-12-08 16:16:47'),
(1252, 768, '4thQuarter', '2018-2019', NULL, NULL, '2021-12-08 16:16:47'),
(1253, 769, '1stQuarter', '2018-2019', NULL, NULL, '2021-12-08 16:16:47'),
(1254, 769, '2ndQuarter', '2018-2019', NULL, NULL, '2021-12-08 16:16:47'),
(1255, 769, '3rdQuarter', '2018-2019', NULL, NULL, '2021-12-08 16:16:47'),
(1256, 769, '4thQuarter', '2018-2019', NULL, NULL, '2021-12-08 16:16:47'),
(1257, 770, '1stQuarter', '2018-2019', NULL, NULL, '2021-12-08 16:16:47'),
(1258, 770, '2ndQuarter', '2018-2019', NULL, NULL, '2021-12-08 16:16:47'),
(1259, 770, '3rdQuarter', '2018-2019', NULL, NULL, '2021-12-08 16:16:47'),
(1260, 770, '4thQuarter', '2018-2019', NULL, NULL, '2021-12-08 16:16:47'),
(1261, 771, '1stQuarter', '2018-2019', NULL, NULL, '2021-12-08 16:16:47'),
(1262, 771, '2ndQuarter', '2018-2019', NULL, NULL, '2021-12-08 16:16:47'),
(1263, 771, '3rdQuarter', '2018-2019', NULL, NULL, '2021-12-08 16:16:47'),
(1264, 771, '4thQuarter', '2018-2019', NULL, NULL, '2021-12-08 16:16:47'),
(1265, 772, '1stQuarter', '2020-2021', NULL, NULL, '2021-12-08 16:16:57'),
(1266, 772, '2ndQuarter', '2020-2021', NULL, NULL, '2021-12-08 16:16:57'),
(1267, 772, '3rdQuarter', '2020-2021', NULL, NULL, '2021-12-08 16:16:57'),
(1268, 772, '4thQuarter', '2020-2021', NULL, NULL, '2021-12-08 16:16:57'),
(1269, 773, '1stQuarter', '2020-2021', NULL, NULL, '2021-12-08 16:16:57'),
(1270, 773, '2ndQuarter', '2020-2021', NULL, NULL, '2021-12-08 16:16:57'),
(1271, 773, '3rdQuarter', '2020-2021', NULL, NULL, '2021-12-08 16:16:57'),
(1272, 773, '4thQuarter', '2020-2021', NULL, NULL, '2021-12-08 16:16:57'),
(1273, 774, '1stQuarter', '2020-2021', NULL, NULL, '2021-12-08 16:16:57'),
(1274, 774, '2ndQuarter', '2020-2021', NULL, NULL, '2021-12-08 16:16:57'),
(1275, 774, '3rdQuarter', '2020-2021', NULL, NULL, '2021-12-08 16:16:57'),
(1276, 774, '4thQuarter', '2020-2021', NULL, NULL, '2021-12-08 16:16:57'),
(1277, 775, '1stQuarter', '2020-2021', NULL, NULL, '2021-12-08 16:16:57'),
(1278, 775, '2ndQuarter', '2020-2021', NULL, NULL, '2021-12-08 16:16:57'),
(1279, 775, '3rdQuarter', '2020-2021', NULL, NULL, '2021-12-08 16:16:57'),
(1280, 775, '4thQuarter', '2020-2021', NULL, NULL, '2021-12-08 16:16:57'),
(1281, 776, '1stQuarter', '2020-2021', NULL, NULL, '2021-12-08 16:16:57'),
(1282, 776, '2ndQuarter', '2020-2021', NULL, NULL, '2021-12-08 16:16:57'),
(1283, 776, '3rdQuarter', '2020-2021', NULL, NULL, '2021-12-08 16:16:57'),
(1284, 776, '4thQuarter', '2020-2021', NULL, NULL, '2021-12-08 16:16:57'),
(1285, 777, '1stQuarter', '2020-2021', NULL, NULL, '2021-12-08 16:16:57'),
(1286, 777, '2ndQuarter', '2020-2021', NULL, NULL, '2021-12-08 16:16:57'),
(1287, 777, '3rdQuarter', '2020-2021', NULL, NULL, '2021-12-08 16:16:57'),
(1288, 777, '4thQuarter', '2020-2021', NULL, NULL, '2021-12-08 16:16:57'),
(1289, 778, '1stQuarter', '2020-2021', NULL, NULL, '2021-12-08 16:16:57'),
(1290, 778, '2ndQuarter', '2020-2021', NULL, NULL, '2021-12-08 16:16:57'),
(1291, 778, '3rdQuarter', '2020-2021', NULL, NULL, '2021-12-08 16:16:57'),
(1292, 778, '4thQuarter', '2020-2021', NULL, NULL, '2021-12-08 16:16:57'),
(1293, 779, '1stQuarter', '2020-2021', NULL, NULL, '2021-12-08 16:16:57'),
(1294, 779, '2ndQuarter', '2020-2021', NULL, NULL, '2021-12-08 16:16:57'),
(1295, 779, '3rdQuarter', '2020-2021', NULL, NULL, '2021-12-08 16:16:57'),
(1296, 779, '4thQuarter', '2020-2021', NULL, NULL, '2021-12-08 16:16:57'),
(1297, 780, '1stQuarter', '2020-2021', NULL, NULL, '2021-12-08 16:16:57'),
(1298, 780, '2ndQuarter', '2020-2021', NULL, NULL, '2021-12-08 16:16:57'),
(1299, 780, '3rdQuarter', '2020-2021', NULL, NULL, '2021-12-08 16:16:57'),
(1300, 780, '4thQuarter', '2020-2021', NULL, NULL, '2021-12-08 16:16:57'),
(1301, 781, '1stQuarter', '2018-2019', 80, '', '2021-12-08 16:17:14'),
(1302, 781, '2ndQuarter', '2018-2019', NULL, NULL, '2021-12-08 16:17:14'),
(1303, 781, '3rdQuarter', '2018-2019', NULL, NULL, '2021-12-08 16:17:14'),
(1304, 781, '4thQuarter', '2018-2019', NULL, NULL, '2021-12-08 16:17:14'),
(1305, 782, '1stQuarter', '2018-2019', NULL, NULL, '2021-12-08 16:17:14'),
(1306, 782, '2ndQuarter', '2018-2019', NULL, NULL, '2021-12-08 16:17:14'),
(1307, 782, '3rdQuarter', '2018-2019', NULL, NULL, '2021-12-08 16:17:14'),
(1308, 782, '4thQuarter', '2018-2019', NULL, NULL, '2021-12-08 16:17:14'),
(1309, 783, '1stQuarter', '2018-2019', NULL, NULL, '2021-12-08 16:17:14'),
(1310, 783, '2ndQuarter', '2018-2019', NULL, NULL, '2021-12-08 16:17:14'),
(1311, 783, '3rdQuarter', '2018-2019', NULL, NULL, '2021-12-08 16:17:14'),
(1312, 783, '4thQuarter', '2018-2019', NULL, NULL, '2021-12-08 16:17:14'),
(1313, 784, '1stQuarter', '2018-2019', NULL, NULL, '2021-12-08 16:17:14'),
(1314, 784, '2ndQuarter', '2018-2019', NULL, NULL, '2021-12-08 16:17:14'),
(1315, 784, '3rdQuarter', '2018-2019', NULL, NULL, '2021-12-08 16:17:14'),
(1316, 784, '4thQuarter', '2018-2019', NULL, NULL, '2021-12-08 16:17:14'),
(1317, 785, '1stQuarter', '2018-2019', NULL, NULL, '2021-12-08 16:17:14'),
(1318, 785, '2ndQuarter', '2018-2019', NULL, NULL, '2021-12-08 16:17:14'),
(1319, 785, '3rdQuarter', '2018-2019', NULL, NULL, '2021-12-08 16:17:14'),
(1320, 785, '4thQuarter', '2018-2019', NULL, NULL, '2021-12-08 16:17:14'),
(1321, 786, '1stQuarter', '2018-2019', NULL, NULL, '2021-12-08 16:17:14'),
(1322, 786, '2ndQuarter', '2018-2019', NULL, NULL, '2021-12-08 16:17:14'),
(1323, 786, '3rdQuarter', '2018-2019', NULL, NULL, '2021-12-08 16:17:14'),
(1324, 786, '4thQuarter', '2018-2019', NULL, NULL, '2021-12-08 16:17:14'),
(1325, 787, '1stQuarter', '2018-2019', NULL, NULL, '2021-12-08 16:17:14'),
(1326, 787, '2ndQuarter', '2018-2019', NULL, NULL, '2021-12-08 16:17:14'),
(1327, 787, '3rdQuarter', '2018-2019', NULL, NULL, '2021-12-08 16:17:14'),
(1328, 787, '4thQuarter', '2018-2019', NULL, NULL, '2021-12-08 16:17:14'),
(1329, 788, '1stQuarter', '2018-2019', NULL, NULL, '2021-12-08 16:17:14'),
(1330, 788, '2ndQuarter', '2018-2019', NULL, NULL, '2021-12-08 16:17:14'),
(1331, 788, '3rdQuarter', '2018-2019', NULL, NULL, '2021-12-08 16:17:14'),
(1332, 788, '4thQuarter', '2018-2019', NULL, NULL, '2021-12-08 16:17:14'),
(1333, 789, '1stQuarter', '2018-2019', NULL, NULL, '2021-12-08 16:17:14'),
(1334, 789, '2ndQuarter', '2018-2019', NULL, NULL, '2021-12-08 16:17:14'),
(1335, 789, '3rdQuarter', '2018-2019', NULL, NULL, '2021-12-08 16:17:14'),
(1336, 789, '4thQuarter', '2018-2019', NULL, NULL, '2021-12-08 16:17:14'),
(1337, 790, '1stQuarter', '2021-2022', NULL, NULL, '2021-12-08 16:17:26'),
(1338, 790, '2ndQuarter', '2021-2022', NULL, NULL, '2021-12-08 16:17:26'),
(1339, 790, '3rdQuarter', '2021-2022', NULL, NULL, '2021-12-08 16:17:26'),
(1340, 790, '4thQuarter', '2021-2022', NULL, NULL, '2021-12-08 16:17:26'),
(1341, 791, '1stQuarter', '2021-2022', NULL, NULL, '2021-12-08 16:17:26'),
(1342, 791, '2ndQuarter', '2021-2022', NULL, NULL, '2021-12-08 16:17:26'),
(1343, 791, '3rdQuarter', '2021-2022', NULL, NULL, '2021-12-08 16:17:26'),
(1344, 791, '4thQuarter', '2021-2022', NULL, NULL, '2021-12-08 16:17:26'),
(1345, 792, '1stQuarter', '2021-2022', NULL, NULL, '2021-12-08 16:17:26'),
(1346, 792, '2ndQuarter', '2021-2022', NULL, NULL, '2021-12-08 16:17:26'),
(1347, 792, '3rdQuarter', '2021-2022', NULL, NULL, '2021-12-08 16:17:26'),
(1348, 792, '4thQuarter', '2021-2022', NULL, NULL, '2021-12-08 16:17:26'),
(1349, 793, '1stQuarter', '2021-2022', NULL, NULL, '2021-12-08 16:17:26'),
(1350, 793, '2ndQuarter', '2021-2022', NULL, NULL, '2021-12-08 16:17:26'),
(1351, 793, '3rdQuarter', '2021-2022', NULL, NULL, '2021-12-08 16:17:26'),
(1352, 793, '4thQuarter', '2021-2022', NULL, NULL, '2021-12-08 16:17:26'),
(1353, 794, '1stQuarter', '2021-2022', NULL, NULL, '2021-12-08 16:17:26'),
(1354, 794, '2ndQuarter', '2021-2022', NULL, NULL, '2021-12-08 16:17:26'),
(1355, 794, '3rdQuarter', '2021-2022', NULL, NULL, '2021-12-08 16:17:26'),
(1356, 794, '4thQuarter', '2021-2022', NULL, NULL, '2021-12-08 16:17:26'),
(1357, 795, '1stQuarter', '2021-2022', NULL, NULL, '2021-12-08 16:17:26'),
(1358, 795, '2ndQuarter', '2021-2022', NULL, NULL, '2021-12-08 16:17:26'),
(1359, 795, '3rdQuarter', '2021-2022', NULL, NULL, '2021-12-08 16:17:26'),
(1360, 795, '4thQuarter', '2021-2022', NULL, NULL, '2021-12-08 16:17:26'),
(1361, 796, '1stQuarter', '2021-2022', NULL, NULL, '2021-12-08 16:17:26'),
(1362, 796, '2ndQuarter', '2021-2022', NULL, NULL, '2021-12-08 16:17:26'),
(1363, 796, '3rdQuarter', '2021-2022', NULL, NULL, '2021-12-08 16:17:26'),
(1364, 796, '4thQuarter', '2021-2022', NULL, NULL, '2021-12-08 16:17:26'),
(1365, 797, '1stQuarter', '2021-2022', NULL, NULL, '2021-12-08 16:17:26'),
(1366, 797, '2ndQuarter', '2021-2022', NULL, NULL, '2021-12-08 16:17:26'),
(1367, 797, '3rdQuarter', '2021-2022', NULL, NULL, '2021-12-08 16:17:26'),
(1368, 797, '4thQuarter', '2021-2022', NULL, NULL, '2021-12-08 16:17:26'),
(1369, 798, '1stQuarter', '2020-2021', NULL, NULL, '2021-12-08 16:18:01'),
(1370, 798, '2ndQuarter', '2020-2021', NULL, NULL, '2021-12-08 16:18:01'),
(1371, 798, '3rdQuarter', '2020-2021', NULL, NULL, '2021-12-08 16:18:01'),
(1372, 798, '4thQuarter', '2020-2021', NULL, NULL, '2021-12-08 16:18:01'),
(1373, 799, '1stQuarter', '2020-2021', NULL, NULL, '2021-12-08 16:18:01'),
(1374, 799, '2ndQuarter', '2020-2021', NULL, NULL, '2021-12-08 16:18:01'),
(1375, 799, '3rdQuarter', '2020-2021', NULL, NULL, '2021-12-08 16:18:01'),
(1376, 799, '4thQuarter', '2020-2021', NULL, NULL, '2021-12-08 16:18:01'),
(1377, 800, '1stQuarter', '2020-2021', NULL, NULL, '2021-12-08 16:18:01'),
(1378, 800, '2ndQuarter', '2020-2021', NULL, NULL, '2021-12-08 16:18:01'),
(1379, 800, '3rdQuarter', '2020-2021', NULL, NULL, '2021-12-08 16:18:01'),
(1380, 800, '4thQuarter', '2020-2021', NULL, NULL, '2021-12-08 16:18:01'),
(1381, 801, '1stQuarter', '2020-2021', NULL, NULL, '2021-12-08 16:18:01'),
(1382, 801, '2ndQuarter', '2020-2021', NULL, NULL, '2021-12-08 16:18:01'),
(1383, 801, '3rdQuarter', '2020-2021', NULL, NULL, '2021-12-08 16:18:01'),
(1384, 801, '4thQuarter', '2020-2021', NULL, NULL, '2021-12-08 16:18:01'),
(1385, 802, '1stQuarter', '2020-2021', NULL, NULL, '2021-12-08 16:18:01'),
(1386, 802, '2ndQuarter', '2020-2021', NULL, NULL, '2021-12-08 16:18:01'),
(1387, 802, '3rdQuarter', '2020-2021', NULL, NULL, '2021-12-08 16:18:01'),
(1388, 802, '4thQuarter', '2020-2021', NULL, NULL, '2021-12-08 16:18:01'),
(1389, 803, '1stQuarter', '2020-2021', NULL, NULL, '2021-12-08 16:18:01'),
(1390, 803, '2ndQuarter', '2020-2021', NULL, NULL, '2021-12-08 16:18:01'),
(1391, 803, '3rdQuarter', '2020-2021', NULL, NULL, '2021-12-08 16:18:01'),
(1392, 803, '4thQuarter', '2020-2021', NULL, NULL, '2021-12-08 16:18:01'),
(1393, 804, '1stQuarter', '2020-2021', NULL, NULL, '2021-12-08 16:18:01'),
(1394, 804, '2ndQuarter', '2020-2021', NULL, NULL, '2021-12-08 16:18:01'),
(1395, 804, '3rdQuarter', '2020-2021', NULL, NULL, '2021-12-08 16:18:01'),
(1396, 804, '4thQuarter', '2020-2021', NULL, NULL, '2021-12-08 16:18:01'),
(1397, 805, '1stQuarter', '2020-2021', NULL, NULL, '2021-12-08 16:18:01'),
(1398, 805, '2ndQuarter', '2020-2021', NULL, NULL, '2021-12-08 16:18:01'),
(1399, 805, '3rdQuarter', '2020-2021', NULL, NULL, '2021-12-08 16:18:01'),
(1400, 805, '4thQuarter', '2020-2021', NULL, NULL, '2021-12-08 16:18:01'),
(1401, 806, '1stQuarter', '2020-2021', NULL, NULL, '2021-12-08 16:18:01'),
(1402, 806, '2ndQuarter', '2020-2021', NULL, NULL, '2021-12-08 16:18:01'),
(1403, 806, '3rdQuarter', '2020-2021', NULL, NULL, '2021-12-08 16:18:01'),
(1404, 806, '4thQuarter', '2020-2021', NULL, NULL, '2021-12-08 16:18:01'),
(1405, 807, '1stQuarter', '2019-2020', NULL, NULL, '2021-12-08 16:18:06'),
(1406, 807, '2ndQuarter', '2019-2020', NULL, NULL, '2021-12-08 16:18:06'),
(1407, 807, '3rdQuarter', '2019-2020', NULL, NULL, '2021-12-08 16:18:06'),
(1408, 807, '4thQuarter', '2019-2020', NULL, NULL, '2021-12-08 16:18:06'),
(1409, 808, '1stQuarter', '2019-2020', NULL, NULL, '2021-12-08 16:18:06'),
(1410, 808, '2ndQuarter', '2019-2020', NULL, NULL, '2021-12-08 16:18:06'),
(1411, 808, '3rdQuarter', '2019-2020', NULL, NULL, '2021-12-08 16:18:06'),
(1412, 808, '4thQuarter', '2019-2020', NULL, NULL, '2021-12-08 16:18:06'),
(1413, 809, '1stQuarter', '2019-2020', NULL, NULL, '2021-12-08 16:18:06'),
(1414, 809, '2ndQuarter', '2019-2020', NULL, NULL, '2021-12-08 16:18:06'),
(1415, 809, '3rdQuarter', '2019-2020', NULL, NULL, '2021-12-08 16:18:06'),
(1416, 809, '4thQuarter', '2019-2020', NULL, NULL, '2021-12-08 16:18:06'),
(1417, 810, '1stQuarter', '2019-2020', NULL, NULL, '2021-12-08 16:18:06'),
(1418, 810, '2ndQuarter', '2019-2020', NULL, NULL, '2021-12-08 16:18:06'),
(1419, 810, '3rdQuarter', '2019-2020', NULL, NULL, '2021-12-08 16:18:06'),
(1420, 810, '4thQuarter', '2019-2020', NULL, NULL, '2021-12-08 16:18:06'),
(1421, 811, '1stQuarter', '2019-2020', NULL, NULL, '2021-12-08 16:18:06'),
(1422, 811, '2ndQuarter', '2019-2020', NULL, NULL, '2021-12-08 16:18:06'),
(1423, 811, '3rdQuarter', '2019-2020', NULL, NULL, '2021-12-08 16:18:06'),
(1424, 811, '4thQuarter', '2019-2020', NULL, NULL, '2021-12-08 16:18:06'),
(1425, 812, '1stQuarter', '2019-2020', NULL, NULL, '2021-12-08 16:18:06'),
(1426, 812, '2ndQuarter', '2019-2020', NULL, NULL, '2021-12-08 16:18:06'),
(1427, 812, '3rdQuarter', '2019-2020', NULL, NULL, '2021-12-08 16:18:06'),
(1428, 812, '4thQuarter', '2019-2020', NULL, NULL, '2021-12-08 16:18:06'),
(1429, 813, '1stQuarter', '2019-2020', NULL, NULL, '2021-12-08 16:18:06'),
(1430, 813, '2ndQuarter', '2019-2020', NULL, NULL, '2021-12-08 16:18:06'),
(1431, 813, '3rdQuarter', '2019-2020', NULL, NULL, '2021-12-08 16:18:06'),
(1432, 813, '4thQuarter', '2019-2020', NULL, NULL, '2021-12-08 16:18:06'),
(1433, 814, '1stQuarter', '2019-2020', NULL, NULL, '2021-12-08 16:18:06'),
(1434, 814, '2ndQuarter', '2019-2020', NULL, NULL, '2021-12-08 16:18:06'),
(1435, 814, '3rdQuarter', '2019-2020', NULL, NULL, '2021-12-08 16:18:06'),
(1436, 814, '4thQuarter', '2019-2020', NULL, NULL, '2021-12-08 16:18:06'),
(1437, 815, '1stQuarter', '2019-2020', NULL, NULL, '2021-12-08 16:18:06'),
(1438, 815, '2ndQuarter', '2019-2020', NULL, NULL, '2021-12-08 16:18:06'),
(1439, 815, '3rdQuarter', '2019-2020', NULL, NULL, '2021-12-08 16:18:06'),
(1440, 815, '4thQuarter', '2019-2020', NULL, NULL, '2021-12-08 16:18:06'),
(1441, 816, '1stQuarter', '2020-2021', NULL, NULL, '2021-12-08 16:18:15'),
(1442, 816, '2ndQuarter', '2020-2021', NULL, NULL, '2021-12-08 16:18:15'),
(1443, 816, '3rdQuarter', '2020-2021', NULL, NULL, '2021-12-08 16:18:15'),
(1444, 816, '4thQuarter', '2020-2021', NULL, NULL, '2021-12-08 16:18:15'),
(1445, 817, '1stQuarter', '2020-2021', NULL, NULL, '2021-12-08 16:18:15'),
(1446, 817, '2ndQuarter', '2020-2021', NULL, NULL, '2021-12-08 16:18:15'),
(1447, 817, '3rdQuarter', '2020-2021', NULL, NULL, '2021-12-08 16:18:15'),
(1448, 817, '4thQuarter', '2020-2021', NULL, NULL, '2021-12-08 16:18:15'),
(1449, 818, '1stQuarter', '2020-2021', NULL, NULL, '2021-12-08 16:18:15'),
(1450, 818, '2ndQuarter', '2020-2021', NULL, NULL, '2021-12-08 16:18:15'),
(1451, 818, '3rdQuarter', '2020-2021', NULL, NULL, '2021-12-08 16:18:15'),
(1452, 818, '4thQuarter', '2020-2021', NULL, NULL, '2021-12-08 16:18:15'),
(1453, 819, '1stQuarter', '2020-2021', NULL, NULL, '2021-12-08 16:18:15'),
(1454, 819, '2ndQuarter', '2020-2021', NULL, NULL, '2021-12-08 16:18:15'),
(1455, 819, '3rdQuarter', '2020-2021', NULL, NULL, '2021-12-08 16:18:15'),
(1456, 819, '4thQuarter', '2020-2021', NULL, NULL, '2021-12-08 16:18:15'),
(1457, 820, '1stQuarter', '2020-2021', NULL, NULL, '2021-12-08 16:18:15'),
(1458, 820, '2ndQuarter', '2020-2021', NULL, NULL, '2021-12-08 16:18:15'),
(1459, 820, '3rdQuarter', '2020-2021', NULL, NULL, '2021-12-08 16:18:15'),
(1460, 820, '4thQuarter', '2020-2021', NULL, NULL, '2021-12-08 16:18:15'),
(1461, 821, '1stQuarter', '2020-2021', NULL, NULL, '2021-12-08 16:18:15'),
(1462, 821, '2ndQuarter', '2020-2021', NULL, NULL, '2021-12-08 16:18:15'),
(1463, 821, '3rdQuarter', '2020-2021', NULL, NULL, '2021-12-08 16:18:15'),
(1464, 821, '4thQuarter', '2020-2021', NULL, NULL, '2021-12-08 16:18:15'),
(1465, 822, '1stQuarter', '2020-2021', NULL, NULL, '2021-12-08 16:18:15'),
(1466, 822, '2ndQuarter', '2020-2021', NULL, NULL, '2021-12-08 16:18:15'),
(1467, 822, '3rdQuarter', '2020-2021', NULL, NULL, '2021-12-08 16:18:15'),
(1468, 822, '4thQuarter', '2020-2021', NULL, NULL, '2021-12-08 16:18:15'),
(1469, 823, '1stQuarter', '2020-2021', NULL, NULL, '2021-12-08 16:18:15'),
(1470, 823, '2ndQuarter', '2020-2021', NULL, NULL, '2021-12-08 16:18:15'),
(1471, 823, '3rdQuarter', '2020-2021', NULL, NULL, '2021-12-08 16:18:15'),
(1472, 823, '4thQuarter', '2020-2021', NULL, NULL, '2021-12-08 16:18:15'),
(1473, 824, '1stQuarter', '2021-2022', NULL, NULL, '2021-12-08 16:18:25'),
(1474, 824, '2ndQuarter', '2021-2022', NULL, NULL, '2021-12-08 16:18:25'),
(1475, 824, '3rdQuarter', '2021-2022', NULL, NULL, '2021-12-08 16:18:25'),
(1476, 824, '4thQuarter', '2021-2022', NULL, NULL, '2021-12-08 16:18:25'),
(1477, 825, '1stQuarter', '2021-2022', NULL, NULL, '2021-12-08 16:18:25'),
(1478, 825, '2ndQuarter', '2021-2022', NULL, NULL, '2021-12-08 16:18:25'),
(1479, 825, '3rdQuarter', '2021-2022', NULL, NULL, '2021-12-08 16:18:25'),
(1480, 825, '4thQuarter', '2021-2022', NULL, NULL, '2021-12-08 16:18:25'),
(1481, 826, '1stQuarter', '2021-2022', NULL, NULL, '2021-12-08 16:18:25'),
(1482, 826, '2ndQuarter', '2021-2022', NULL, NULL, '2021-12-08 16:18:25'),
(1483, 826, '3rdQuarter', '2021-2022', NULL, NULL, '2021-12-08 16:18:25'),
(1484, 826, '4thQuarter', '2021-2022', NULL, NULL, '2021-12-08 16:18:25'),
(1485, 827, '1stQuarter', '2021-2022', NULL, NULL, '2021-12-08 16:18:25'),
(1486, 827, '2ndQuarter', '2021-2022', NULL, NULL, '2021-12-08 16:18:25'),
(1487, 827, '3rdQuarter', '2021-2022', NULL, NULL, '2021-12-08 16:18:25'),
(1488, 827, '4thQuarter', '2021-2022', NULL, NULL, '2021-12-08 16:18:25'),
(1489, 828, '1stQuarter', '2021-2022', NULL, NULL, '2021-12-08 16:18:25'),
(1490, 828, '2ndQuarter', '2021-2022', NULL, NULL, '2021-12-08 16:18:25'),
(1491, 828, '3rdQuarter', '2021-2022', NULL, NULL, '2021-12-08 16:18:25'),
(1492, 828, '4thQuarter', '2021-2022', NULL, NULL, '2021-12-08 16:18:25'),
(1493, 829, '1stQuarter', '2021-2022', NULL, NULL, '2021-12-08 16:18:25'),
(1494, 829, '2ndQuarter', '2021-2022', NULL, NULL, '2021-12-08 16:18:25'),
(1495, 829, '3rdQuarter', '2021-2022', NULL, NULL, '2021-12-08 16:18:25'),
(1496, 829, '4thQuarter', '2021-2022', NULL, NULL, '2021-12-08 16:18:25'),
(1497, 830, '1stQuarter', '2021-2022', NULL, NULL, '2021-12-08 16:18:25'),
(1498, 830, '2ndQuarter', '2021-2022', NULL, NULL, '2021-12-08 16:18:25'),
(1499, 830, '3rdQuarter', '2021-2022', NULL, NULL, '2021-12-08 16:18:25'),
(1500, 830, '4thQuarter', '2021-2022', NULL, NULL, '2021-12-08 16:18:25'),
(1501, 831, '1stQuarter', '2021-2022', NULL, NULL, '2021-12-08 16:18:25'),
(1502, 831, '2ndQuarter', '2021-2022', NULL, NULL, '2021-12-08 16:18:25'),
(1503, 831, '3rdQuarter', '2021-2022', NULL, NULL, '2021-12-08 16:18:25'),
(1504, 831, '4thQuarter', '2021-2022', NULL, NULL, '2021-12-08 16:18:25'),
(1505, 832, '1stQuarter', '2021-2022', 76, '', '2021-12-08 16:18:38'),
(1506, 832, '2ndQuarter', '2021-2022', 75, '', '2021-12-08 16:18:38'),
(1507, 832, '3rdQuarter', '2021-2022', 83, '', '2021-12-08 16:18:38'),
(1508, 832, '4thQuarter', '2021-2022', 79, '', '2021-12-08 16:18:38'),
(1509, 833, '1stQuarter', '2021-2022', NULL, NULL, '2021-12-08 16:18:38'),
(1510, 833, '2ndQuarter', '2021-2022', NULL, NULL, '2021-12-08 16:18:38'),
(1511, 833, '3rdQuarter', '2021-2022', NULL, NULL, '2021-12-08 16:18:38'),
(1512, 833, '4thQuarter', '2021-2022', NULL, NULL, '2021-12-08 16:18:38'),
(1513, 834, '1stQuarter', '2021-2022', NULL, NULL, '2021-12-08 16:18:38'),
(1514, 834, '2ndQuarter', '2021-2022', NULL, NULL, '2021-12-08 16:18:38'),
(1515, 834, '3rdQuarter', '2021-2022', NULL, NULL, '2021-12-08 16:18:38'),
(1516, 834, '4thQuarter', '2021-2022', NULL, NULL, '2021-12-08 16:18:38'),
(1517, 835, '1stQuarter', '2021-2022', NULL, NULL, '2021-12-08 16:18:38'),
(1518, 835, '2ndQuarter', '2021-2022', NULL, NULL, '2021-12-08 16:18:38'),
(1519, 835, '3rdQuarter', '2021-2022', NULL, NULL, '2021-12-08 16:18:38'),
(1520, 835, '4thQuarter', '2021-2022', NULL, NULL, '2021-12-08 16:18:38'),
(1521, 836, '1stQuarter', '2021-2022', NULL, NULL, '2021-12-08 16:18:38'),
(1522, 836, '2ndQuarter', '2021-2022', NULL, NULL, '2021-12-08 16:18:38'),
(1523, 836, '3rdQuarter', '2021-2022', NULL, NULL, '2021-12-08 16:18:38'),
(1524, 836, '4thQuarter', '2021-2022', NULL, NULL, '2021-12-08 16:18:38'),
(1525, 837, '1stQuarter', '2021-2022', NULL, NULL, '2021-12-08 16:18:38'),
(1526, 837, '2ndQuarter', '2021-2022', NULL, NULL, '2021-12-08 16:18:38'),
(1527, 837, '3rdQuarter', '2021-2022', NULL, NULL, '2021-12-08 16:18:38'),
(1528, 837, '4thQuarter', '2021-2022', NULL, NULL, '2021-12-08 16:18:38'),
(1529, 838, '1stQuarter', '2021-2022', NULL, NULL, '2021-12-08 16:18:38'),
(1530, 838, '2ndQuarter', '2021-2022', NULL, NULL, '2021-12-08 16:18:38'),
(1531, 838, '3rdQuarter', '2021-2022', NULL, NULL, '2021-12-08 16:18:38'),
(1532, 838, '4thQuarter', '2021-2022', NULL, NULL, '2021-12-08 16:18:38'),
(1533, 839, '1stQuarter', '2021-2022', NULL, NULL, '2021-12-08 16:18:38'),
(1534, 839, '2ndQuarter', '2021-2022', NULL, NULL, '2021-12-08 16:18:38'),
(1535, 839, '3rdQuarter', '2021-2022', NULL, NULL, '2021-12-08 16:18:38'),
(1536, 839, '4thQuarter', '2021-2022', NULL, NULL, '2021-12-08 16:18:38'),
(1537, 840, '1stQuarter', '2021-2022', NULL, NULL, '2021-12-08 16:18:38'),
(1538, 840, '2ndQuarter', '2021-2022', NULL, NULL, '2021-12-08 16:18:38'),
(1539, 840, '3rdQuarter', '2021-2022', NULL, NULL, '2021-12-08 16:18:38'),
(1540, 840, '4thQuarter', '2021-2022', NULL, NULL, '2021-12-08 16:18:38'),
(1541, 841, '1stQuarter', '2021-2022', 99, '', '2021-12-08 16:19:08'),
(1542, 841, '2ndQuarter', '2021-2022', 78, '', '2021-12-08 16:19:08'),
(1543, 841, '3rdQuarter', '2021-2022', 75, '', '2021-12-08 16:19:08'),
(1544, 841, '4thQuarter', '2021-2022', 80, '', '2021-12-08 16:19:08'),
(1545, 842, '1stQuarter', '2021-2022', NULL, NULL, '2021-12-08 16:19:08'),
(1546, 842, '2ndQuarter', '2021-2022', NULL, NULL, '2021-12-08 16:19:08'),
(1547, 842, '3rdQuarter', '2021-2022', NULL, NULL, '2021-12-08 16:19:08'),
(1548, 842, '4thQuarter', '2021-2022', NULL, NULL, '2021-12-08 16:19:08'),
(1549, 843, '1stQuarter', '2021-2022', NULL, NULL, '2021-12-08 16:19:08'),
(1550, 843, '2ndQuarter', '2021-2022', NULL, NULL, '2021-12-08 16:19:08'),
(1551, 843, '3rdQuarter', '2021-2022', NULL, NULL, '2021-12-08 16:19:08'),
(1552, 843, '4thQuarter', '2021-2022', NULL, NULL, '2021-12-08 16:19:08'),
(1553, 844, '1stQuarter', '2021-2022', NULL, NULL, '2021-12-08 16:19:08'),
(1554, 844, '2ndQuarter', '2021-2022', NULL, NULL, '2021-12-08 16:19:08'),
(1555, 844, '3rdQuarter', '2021-2022', NULL, NULL, '2021-12-08 16:19:08'),
(1556, 844, '4thQuarter', '2021-2022', NULL, NULL, '2021-12-08 16:19:08'),
(1557, 845, '1stQuarter', '2021-2022', NULL, NULL, '2021-12-08 16:19:08'),
(1558, 845, '2ndQuarter', '2021-2022', NULL, NULL, '2021-12-08 16:19:08'),
(1559, 845, '3rdQuarter', '2021-2022', NULL, NULL, '2021-12-08 16:19:08'),
(1560, 845, '4thQuarter', '2021-2022', NULL, NULL, '2021-12-08 16:19:08'),
(1561, 846, '1stQuarter', '2021-2022', NULL, NULL, '2021-12-08 16:19:08'),
(1562, 846, '2ndQuarter', '2021-2022', NULL, NULL, '2021-12-08 16:19:08'),
(1563, 846, '3rdQuarter', '2021-2022', NULL, NULL, '2021-12-08 16:19:08'),
(1564, 846, '4thQuarter', '2021-2022', NULL, NULL, '2021-12-08 16:19:08'),
(1565, 847, '1stQuarter', '2021-2022', NULL, NULL, '2021-12-08 16:19:08'),
(1566, 847, '2ndQuarter', '2021-2022', NULL, NULL, '2021-12-08 16:19:08'),
(1567, 847, '3rdQuarter', '2021-2022', NULL, NULL, '2021-12-08 16:19:08'),
(1568, 847, '4thQuarter', '2021-2022', NULL, NULL, '2021-12-08 16:19:08'),
(1569, 848, '1stQuarter', '2021-2022', NULL, NULL, '2021-12-08 16:19:08'),
(1570, 848, '2ndQuarter', '2021-2022', NULL, NULL, '2021-12-08 16:19:08'),
(1571, 848, '3rdQuarter', '2021-2022', NULL, NULL, '2021-12-08 16:19:08'),
(1572, 848, '4thQuarter', '2021-2022', NULL, NULL, '2021-12-08 16:19:08'),
(1573, 849, '1stQuarter', '2021-2022', NULL, NULL, '2021-12-08 16:19:08'),
(1574, 849, '2ndQuarter', '2021-2022', NULL, NULL, '2021-12-08 16:19:08'),
(1575, 849, '3rdQuarter', '2021-2022', NULL, NULL, '2021-12-08 16:19:08'),
(1576, 849, '4thQuarter', '2021-2022', NULL, NULL, '2021-12-08 16:19:08'),
(1577, 850, '1stQuarter', '2019-2020', NULL, NULL, '2021-12-08 16:19:28'),
(1578, 850, '2ndQuarter', '2019-2020', NULL, NULL, '2021-12-08 16:19:28'),
(1579, 850, '3rdQuarter', '2019-2020', NULL, NULL, '2021-12-08 16:19:28'),
(1580, 850, '4thQuarter', '2019-2020', NULL, NULL, '2021-12-08 16:19:28'),
(1581, 851, '1stQuarter', '2019-2020', NULL, NULL, '2021-12-08 16:19:28'),
(1582, 851, '2ndQuarter', '2019-2020', NULL, NULL, '2021-12-08 16:19:28'),
(1583, 851, '3rdQuarter', '2019-2020', NULL, NULL, '2021-12-08 16:19:28'),
(1584, 851, '4thQuarter', '2019-2020', NULL, NULL, '2021-12-08 16:19:28'),
(1585, 852, '1stQuarter', '2019-2020', NULL, NULL, '2021-12-08 16:19:28'),
(1586, 852, '2ndQuarter', '2019-2020', NULL, NULL, '2021-12-08 16:19:28'),
(1587, 852, '3rdQuarter', '2019-2020', NULL, NULL, '2021-12-08 16:19:28'),
(1588, 852, '4thQuarter', '2019-2020', NULL, NULL, '2021-12-08 16:19:28'),
(1589, 853, '1stQuarter', '2019-2020', NULL, NULL, '2021-12-08 16:19:28'),
(1590, 853, '2ndQuarter', '2019-2020', NULL, NULL, '2021-12-08 16:19:28'),
(1591, 853, '3rdQuarter', '2019-2020', NULL, NULL, '2021-12-08 16:19:28'),
(1592, 853, '4thQuarter', '2019-2020', NULL, NULL, '2021-12-08 16:19:28'),
(1593, 854, '1stQuarter', '2019-2020', NULL, NULL, '2021-12-08 16:19:28'),
(1594, 854, '2ndQuarter', '2019-2020', NULL, NULL, '2021-12-08 16:19:28'),
(1595, 854, '3rdQuarter', '2019-2020', NULL, NULL, '2021-12-08 16:19:28'),
(1596, 854, '4thQuarter', '2019-2020', NULL, NULL, '2021-12-08 16:19:28'),
(1597, 855, '1stQuarter', '2019-2020', NULL, NULL, '2021-12-08 16:19:28'),
(1598, 855, '2ndQuarter', '2019-2020', NULL, NULL, '2021-12-08 16:19:28'),
(1599, 855, '3rdQuarter', '2019-2020', NULL, NULL, '2021-12-08 16:19:28'),
(1600, 855, '4thQuarter', '2019-2020', NULL, NULL, '2021-12-08 16:19:28'),
(1601, 856, '1stQuarter', '2019-2020', NULL, NULL, '2021-12-08 16:19:28'),
(1602, 856, '2ndQuarter', '2019-2020', NULL, NULL, '2021-12-08 16:19:28'),
(1603, 856, '3rdQuarter', '2019-2020', NULL, NULL, '2021-12-08 16:19:28'),
(1604, 856, '4thQuarter', '2019-2020', NULL, NULL, '2021-12-08 16:19:28'),
(1605, 857, '1stQuarter', '2019-2020', NULL, NULL, '2021-12-08 16:19:28'),
(1606, 857, '2ndQuarter', '2019-2020', NULL, NULL, '2021-12-08 16:19:28'),
(1607, 857, '3rdQuarter', '2019-2020', NULL, NULL, '2021-12-08 16:19:28'),
(1608, 857, '4thQuarter', '2019-2020', NULL, NULL, '2021-12-08 16:19:28'),
(1609, 858, '1stQuarter', '2019-2020', NULL, NULL, '2021-12-08 16:19:28'),
(1610, 858, '2ndQuarter', '2019-2020', NULL, NULL, '2021-12-08 16:19:28'),
(1611, 858, '3rdQuarter', '2019-2020', NULL, NULL, '2021-12-08 16:19:28'),
(1612, 858, '4thQuarter', '2019-2020', NULL, NULL, '2021-12-08 16:19:28'),
(1613, 859, '1stQuarter', '2020-2021', NULL, NULL, '2021-12-08 16:19:36'),
(1614, 859, '2ndQuarter', '2020-2021', NULL, NULL, '2021-12-08 16:19:36'),
(1615, 859, '3rdQuarter', '2020-2021', NULL, NULL, '2021-12-08 16:19:36'),
(1616, 859, '4thQuarter', '2020-2021', NULL, NULL, '2021-12-08 16:19:36'),
(1617, 860, '1stQuarter', '2020-2021', NULL, NULL, '2021-12-08 16:19:36'),
(1618, 860, '2ndQuarter', '2020-2021', NULL, NULL, '2021-12-08 16:19:36'),
(1619, 860, '3rdQuarter', '2020-2021', NULL, NULL, '2021-12-08 16:19:36'),
(1620, 860, '4thQuarter', '2020-2021', NULL, NULL, '2021-12-08 16:19:36'),
(1621, 861, '1stQuarter', '2020-2021', NULL, NULL, '2021-12-08 16:19:36'),
(1622, 861, '2ndQuarter', '2020-2021', NULL, NULL, '2021-12-08 16:19:36'),
(1623, 861, '3rdQuarter', '2020-2021', NULL, NULL, '2021-12-08 16:19:36'),
(1624, 861, '4thQuarter', '2020-2021', NULL, NULL, '2021-12-08 16:19:36'),
(1625, 862, '1stQuarter', '2020-2021', NULL, NULL, '2021-12-08 16:19:36'),
(1626, 862, '2ndQuarter', '2020-2021', NULL, NULL, '2021-12-08 16:19:36'),
(1627, 862, '3rdQuarter', '2020-2021', NULL, NULL, '2021-12-08 16:19:36'),
(1628, 862, '4thQuarter', '2020-2021', NULL, NULL, '2021-12-08 16:19:36'),
(1629, 863, '1stQuarter', '2020-2021', NULL, NULL, '2021-12-08 16:19:36'),
(1630, 863, '2ndQuarter', '2020-2021', NULL, NULL, '2021-12-08 16:19:36'),
(1631, 863, '3rdQuarter', '2020-2021', NULL, NULL, '2021-12-08 16:19:36'),
(1632, 863, '4thQuarter', '2020-2021', NULL, NULL, '2021-12-08 16:19:36'),
(1633, 864, '1stQuarter', '2020-2021', NULL, NULL, '2021-12-08 16:19:36'),
(1634, 864, '2ndQuarter', '2020-2021', NULL, NULL, '2021-12-08 16:19:36'),
(1635, 864, '3rdQuarter', '2020-2021', NULL, NULL, '2021-12-08 16:19:36'),
(1636, 864, '4thQuarter', '2020-2021', NULL, NULL, '2021-12-08 16:19:36'),
(1637, 865, '1stQuarter', '2020-2021', NULL, NULL, '2021-12-08 16:19:36'),
(1638, 865, '2ndQuarter', '2020-2021', NULL, NULL, '2021-12-08 16:19:36'),
(1639, 865, '3rdQuarter', '2020-2021', NULL, NULL, '2021-12-08 16:19:36'),
(1640, 865, '4thQuarter', '2020-2021', NULL, NULL, '2021-12-08 16:19:36'),
(1641, 866, '1stQuarter', '2020-2021', NULL, NULL, '2021-12-08 16:19:36'),
(1642, 866, '2ndQuarter', '2020-2021', NULL, NULL, '2021-12-08 16:19:36'),
(1643, 866, '3rdQuarter', '2020-2021', NULL, NULL, '2021-12-08 16:19:36'),
(1644, 866, '4thQuarter', '2020-2021', NULL, NULL, '2021-12-08 16:19:36'),
(1645, 867, '1stQuarter', '2021-2022', NULL, NULL, '2021-12-08 16:19:48'),
(1646, 867, '2ndQuarter', '2021-2022', NULL, NULL, '2021-12-08 16:19:48'),
(1647, 867, '3rdQuarter', '2021-2022', NULL, NULL, '2021-12-08 16:19:48'),
(1648, 867, '4thQuarter', '2021-2022', NULL, NULL, '2021-12-08 16:19:48'),
(1649, 868, '1stQuarter', '2021-2022', NULL, NULL, '2021-12-08 16:19:48'),
(1650, 868, '2ndQuarter', '2021-2022', NULL, NULL, '2021-12-08 16:19:48'),
(1651, 868, '3rdQuarter', '2021-2022', NULL, NULL, '2021-12-08 16:19:48'),
(1652, 868, '4thQuarter', '2021-2022', NULL, NULL, '2021-12-08 16:19:48'),
(1653, 869, '1stQuarter', '2021-2022', NULL, NULL, '2021-12-08 16:19:48'),
(1654, 869, '2ndQuarter', '2021-2022', NULL, NULL, '2021-12-08 16:19:48'),
(1655, 869, '3rdQuarter', '2021-2022', NULL, NULL, '2021-12-08 16:19:48'),
(1656, 869, '4thQuarter', '2021-2022', NULL, NULL, '2021-12-08 16:19:48'),
(1657, 870, '1stQuarter', '2021-2022', NULL, NULL, '2021-12-08 16:19:48'),
(1658, 870, '2ndQuarter', '2021-2022', NULL, NULL, '2021-12-08 16:19:48'),
(1659, 870, '3rdQuarter', '2021-2022', NULL, NULL, '2021-12-08 16:19:48'),
(1660, 870, '4thQuarter', '2021-2022', NULL, NULL, '2021-12-08 16:19:48'),
(1661, 871, '1stQuarter', '2021-2022', NULL, NULL, '2021-12-08 16:19:48'),
(1662, 871, '2ndQuarter', '2021-2022', NULL, NULL, '2021-12-08 16:19:48'),
(1663, 871, '3rdQuarter', '2021-2022', NULL, NULL, '2021-12-08 16:19:48'),
(1664, 871, '4thQuarter', '2021-2022', NULL, NULL, '2021-12-08 16:19:48'),
(1665, 872, '1stQuarter', '2021-2022', NULL, NULL, '2021-12-08 16:19:48'),
(1666, 872, '2ndQuarter', '2021-2022', NULL, NULL, '2021-12-08 16:19:48'),
(1667, 872, '3rdQuarter', '2021-2022', NULL, NULL, '2021-12-08 16:19:48'),
(1668, 872, '4thQuarter', '2021-2022', NULL, NULL, '2021-12-08 16:19:48'),
(1669, 873, '1stQuarter', '2021-2022', NULL, NULL, '2021-12-08 16:19:48'),
(1670, 873, '2ndQuarter', '2021-2022', NULL, NULL, '2021-12-08 16:19:48'),
(1671, 873, '3rdQuarter', '2021-2022', NULL, NULL, '2021-12-08 16:19:48'),
(1672, 873, '4thQuarter', '2021-2022', NULL, NULL, '2021-12-08 16:19:48'),
(1673, 874, '1stQuarter', '2021-2022', NULL, NULL, '2021-12-08 16:19:48'),
(1674, 874, '2ndQuarter', '2021-2022', NULL, NULL, '2021-12-08 16:19:48'),
(1675, 874, '3rdQuarter', '2021-2022', NULL, NULL, '2021-12-08 16:19:48'),
(1676, 874, '4thQuarter', '2021-2022', NULL, NULL, '2021-12-08 16:19:48'),
(1677, 875, '1stQuarter', '2021-2022', 74, '', '2021-12-08 16:19:48'),
(1678, 875, '2ndQuarter', '2021-2022', 88, '', '2021-12-08 16:19:48'),
(1679, 875, '3rdQuarter', '2021-2022', 90, '', '2021-12-08 16:19:48'),
(1680, 875, '4thQuarter', '2021-2022', 86, '', '2021-12-08 16:19:48'),
(1681, 876, '1stQuarter', '2021-2022', NULL, NULL, '2021-12-08 16:19:48'),
(1682, 876, '2ndQuarter', '2021-2022', NULL, NULL, '2021-12-08 16:19:48'),
(1683, 876, '3rdQuarter', '2021-2022', NULL, NULL, '2021-12-08 16:19:48'),
(1684, 876, '4thQuarter', '2021-2022', NULL, NULL, '2021-12-08 16:19:48'),
(1685, 877, '1stQuarter', '2021-2022', NULL, NULL, '2021-12-08 16:19:48'),
(1686, 877, '2ndQuarter', '2021-2022', NULL, NULL, '2021-12-08 16:19:48'),
(1687, 877, '3rdQuarter', '2021-2022', NULL, NULL, '2021-12-08 16:19:48'),
(1688, 877, '4thQuarter', '2021-2022', NULL, NULL, '2021-12-08 16:19:48'),
(1689, 878, '1stQuarter', '2021-2022', NULL, NULL, '2021-12-08 16:19:48'),
(1690, 878, '2ndQuarter', '2021-2022', NULL, NULL, '2021-12-08 16:19:48'),
(1691, 878, '3rdQuarter', '2021-2022', NULL, NULL, '2021-12-08 16:19:48'),
(1692, 878, '4thQuarter', '2021-2022', NULL, NULL, '2021-12-08 16:19:48'),
(1693, 879, '1stQuarter', '2021-2022', NULL, NULL, '2021-12-08 16:19:48'),
(1694, 879, '2ndQuarter', '2021-2022', NULL, NULL, '2021-12-08 16:19:48'),
(1695, 879, '3rdQuarter', '2021-2022', NULL, NULL, '2021-12-08 16:19:48'),
(1696, 879, '4thQuarter', '2021-2022', NULL, NULL, '2021-12-08 16:19:48'),
(1697, 880, '1stQuarter', '2021-2022', NULL, NULL, '2021-12-08 16:19:48'),
(1698, 880, '2ndQuarter', '2021-2022', NULL, NULL, '2021-12-08 16:19:48'),
(1699, 880, '3rdQuarter', '2021-2022', NULL, NULL, '2021-12-08 16:19:48'),
(1700, 880, '4thQuarter', '2021-2022', NULL, NULL, '2021-12-08 16:19:48'),
(1701, 881, '1stQuarter', '2021-2022', NULL, NULL, '2021-12-08 16:19:48'),
(1702, 881, '2ndQuarter', '2021-2022', NULL, NULL, '2021-12-08 16:19:48'),
(1703, 881, '3rdQuarter', '2021-2022', NULL, NULL, '2021-12-08 16:19:48'),
(1704, 881, '4thQuarter', '2021-2022', NULL, NULL, '2021-12-08 16:19:48'),
(1705, 882, '1stQuarter', '2021-2022', NULL, NULL, '2021-12-08 16:19:48'),
(1706, 882, '2ndQuarter', '2021-2022', NULL, NULL, '2021-12-08 16:19:48'),
(1707, 882, '3rdQuarter', '2021-2022', NULL, NULL, '2021-12-08 16:19:48'),
(1708, 882, '4thQuarter', '2021-2022', NULL, NULL, '2021-12-08 16:19:48'),
(1709, 883, '1stQuarter', '2021-2022', NULL, NULL, '2021-12-08 16:19:48'),
(1710, 883, '2ndQuarter', '2021-2022', NULL, NULL, '2021-12-08 16:19:48'),
(1711, 883, '3rdQuarter', '2021-2022', NULL, NULL, '2021-12-08 16:19:48'),
(1712, 883, '4thQuarter', '2021-2022', NULL, NULL, '2021-12-08 16:19:48'),
(1713, 884, '1stQuarter', '2021-2022', NULL, NULL, '2021-12-08 16:20:17'),
(1714, 884, '2ndQuarter', '2021-2022', NULL, NULL, '2021-12-08 16:20:17'),
(1715, 884, '3rdQuarter', '2021-2022', NULL, NULL, '2021-12-08 16:20:17'),
(1716, 884, '4thQuarter', '2021-2022', NULL, NULL, '2021-12-08 16:20:17'),
(1717, 885, '1stQuarter', '2021-2022', NULL, NULL, '2021-12-08 16:20:17'),
(1718, 885, '2ndQuarter', '2021-2022', NULL, NULL, '2021-12-08 16:20:17'),
(1719, 885, '3rdQuarter', '2021-2022', NULL, NULL, '2021-12-08 16:20:17'),
(1720, 885, '4thQuarter', '2021-2022', NULL, NULL, '2021-12-08 16:20:17'),
(1721, 886, '1stQuarter', '2021-2022', NULL, NULL, '2021-12-08 16:20:17'),
(1722, 886, '2ndQuarter', '2021-2022', NULL, NULL, '2021-12-08 16:20:17'),
(1723, 886, '3rdQuarter', '2021-2022', NULL, NULL, '2021-12-08 16:20:17'),
(1724, 886, '4thQuarter', '2021-2022', NULL, NULL, '2021-12-08 16:20:17'),
(1725, 887, '1stQuarter', '2021-2022', NULL, NULL, '2021-12-08 16:20:17'),
(1726, 887, '2ndQuarter', '2021-2022', NULL, NULL, '2021-12-08 16:20:17'),
(1727, 887, '3rdQuarter', '2021-2022', NULL, NULL, '2021-12-08 16:20:17'),
(1728, 887, '4thQuarter', '2021-2022', NULL, NULL, '2021-12-08 16:20:17'),
(1729, 888, '1stQuarter', '2021-2022', NULL, NULL, '2021-12-08 16:20:17'),
(1730, 888, '2ndQuarter', '2021-2022', NULL, NULL, '2021-12-08 16:20:17'),
(1731, 888, '3rdQuarter', '2021-2022', NULL, NULL, '2021-12-08 16:20:17'),
(1732, 888, '4thQuarter', '2021-2022', NULL, NULL, '2021-12-08 16:20:17'),
(1733, 889, '1stQuarter', '2021-2022', NULL, NULL, '2021-12-08 16:20:17'),
(1734, 889, '2ndQuarter', '2021-2022', NULL, NULL, '2021-12-08 16:20:17'),
(1735, 889, '3rdQuarter', '2021-2022', NULL, NULL, '2021-12-08 16:20:17'),
(1736, 889, '4thQuarter', '2021-2022', NULL, NULL, '2021-12-08 16:20:17'),
(1737, 890, '1stQuarter', '2021-2022', NULL, NULL, '2021-12-08 16:20:17'),
(1738, 890, '2ndQuarter', '2021-2022', NULL, NULL, '2021-12-08 16:20:17'),
(1739, 890, '3rdQuarter', '2021-2022', NULL, NULL, '2021-12-08 16:20:17'),
(1740, 890, '4thQuarter', '2021-2022', NULL, NULL, '2021-12-08 16:20:17'),
(1741, 891, '1stQuarter', '2021-2022', NULL, NULL, '2021-12-08 16:20:17'),
(1742, 891, '2ndQuarter', '2021-2022', NULL, NULL, '2021-12-08 16:20:17'),
(1743, 891, '3rdQuarter', '2021-2022', NULL, NULL, '2021-12-08 16:20:17'),
(1744, 891, '4thQuarter', '2021-2022', NULL, NULL, '2021-12-08 16:20:17'),
(1745, 892, '1stQuarter', '2021-2022', NULL, NULL, '2021-12-08 16:20:17'),
(1746, 892, '2ndQuarter', '2021-2022', NULL, NULL, '2021-12-08 16:20:17'),
(1747, 892, '3rdQuarter', '2021-2022', NULL, NULL, '2021-12-08 16:20:17'),
(1748, 892, '4thQuarter', '2021-2022', NULL, NULL, '2021-12-08 16:20:17'),
(1749, 893, '1stQuarter', '2021-2022', 99, '', '2021-12-08 16:20:51'),
(1750, 893, '2ndQuarter', '2021-2022', 90, '', '2021-12-08 16:20:51'),
(1751, 893, '3rdQuarter', '2021-2022', 89, '', '2021-12-08 16:20:51'),
(1752, 893, '4thQuarter', '2021-2022', 87, '', '2021-12-08 16:20:51'),
(1753, 894, '1stQuarter', '2021-2022', NULL, NULL, '2021-12-08 16:20:51'),
(1754, 894, '2ndQuarter', '2021-2022', NULL, NULL, '2021-12-08 16:20:51'),
(1755, 894, '3rdQuarter', '2021-2022', NULL, NULL, '2021-12-08 16:20:51'),
(1756, 894, '4thQuarter', '2021-2022', NULL, NULL, '2021-12-08 16:20:51'),
(1757, 895, '1stQuarter', '2021-2022', NULL, NULL, '2021-12-08 16:20:51'),
(1758, 895, '2ndQuarter', '2021-2022', NULL, NULL, '2021-12-08 16:20:51'),
(1759, 895, '3rdQuarter', '2021-2022', NULL, NULL, '2021-12-08 16:20:51'),
(1760, 895, '4thQuarter', '2021-2022', NULL, NULL, '2021-12-08 16:20:51'),
(1761, 896, '1stQuarter', '2021-2022', NULL, NULL, '2021-12-08 16:20:51'),
(1762, 896, '2ndQuarter', '2021-2022', NULL, NULL, '2021-12-08 16:20:51'),
(1763, 896, '3rdQuarter', '2021-2022', NULL, NULL, '2021-12-08 16:20:51'),
(1764, 896, '4thQuarter', '2021-2022', NULL, NULL, '2021-12-08 16:20:51'),
(1765, 897, '1stQuarter', '2021-2022', NULL, NULL, '2021-12-08 16:20:51'),
(1766, 897, '2ndQuarter', '2021-2022', NULL, NULL, '2021-12-08 16:20:51'),
(1767, 897, '3rdQuarter', '2021-2022', NULL, NULL, '2021-12-08 16:20:51'),
(1768, 897, '4thQuarter', '2021-2022', NULL, NULL, '2021-12-08 16:20:51'),
(1769, 898, '1stQuarter', '2021-2022', NULL, NULL, '2021-12-08 16:20:51'),
(1770, 898, '2ndQuarter', '2021-2022', NULL, NULL, '2021-12-08 16:20:51'),
(1771, 898, '3rdQuarter', '2021-2022', NULL, NULL, '2021-12-08 16:20:51'),
(1772, 898, '4thQuarter', '2021-2022', NULL, NULL, '2021-12-08 16:20:51'),
(1773, 899, '1stQuarter', '2021-2022', NULL, NULL, '2021-12-08 16:20:51'),
(1774, 899, '2ndQuarter', '2021-2022', NULL, NULL, '2021-12-08 16:20:51'),
(1775, 899, '3rdQuarter', '2021-2022', NULL, NULL, '2021-12-08 16:20:51'),
(1776, 899, '4thQuarter', '2021-2022', NULL, NULL, '2021-12-08 16:20:51'),
(1777, 900, '1stQuarter', '2021-2022', NULL, NULL, '2021-12-08 16:20:51'),
(1778, 900, '2ndQuarter', '2021-2022', NULL, NULL, '2021-12-08 16:20:51'),
(1779, 900, '3rdQuarter', '2021-2022', NULL, NULL, '2021-12-08 16:20:51');
INSERT INTO `tblgrade` (`id`, `studentsubjloadid`, `gradingperiod`, `schoolyear`, `grade`, `notes`, `dateadded`) VALUES
(1780, 900, '4thQuarter', '2021-2022', NULL, NULL, '2021-12-08 16:20:51'),
(1781, 901, '1stQuarter', '2021-2022', NULL, NULL, '2021-12-08 16:20:51'),
(1782, 901, '2ndQuarter', '2021-2022', NULL, NULL, '2021-12-08 16:20:51'),
(1783, 901, '3rdQuarter', '2021-2022', NULL, NULL, '2021-12-08 16:20:51'),
(1784, 901, '4thQuarter', '2021-2022', NULL, NULL, '2021-12-08 16:20:51'),
(1785, 902, '1stQuarter', '2019-2020', NULL, NULL, '2021-12-08 16:21:01'),
(1786, 902, '2ndQuarter', '2019-2020', NULL, NULL, '2021-12-08 16:21:01'),
(1787, 902, '3rdQuarter', '2019-2020', NULL, NULL, '2021-12-08 16:21:01'),
(1788, 902, '4thQuarter', '2019-2020', NULL, NULL, '2021-12-08 16:21:01'),
(1789, 903, '1stQuarter', '2019-2020', NULL, NULL, '2021-12-08 16:21:01'),
(1790, 903, '2ndQuarter', '2019-2020', NULL, NULL, '2021-12-08 16:21:01'),
(1791, 903, '3rdQuarter', '2019-2020', NULL, NULL, '2021-12-08 16:21:01'),
(1792, 903, '4thQuarter', '2019-2020', NULL, NULL, '2021-12-08 16:21:01'),
(1793, 904, '1stQuarter', '2019-2020', NULL, NULL, '2021-12-08 16:21:01'),
(1794, 904, '2ndQuarter', '2019-2020', NULL, NULL, '2021-12-08 16:21:01'),
(1795, 904, '3rdQuarter', '2019-2020', NULL, NULL, '2021-12-08 16:21:01'),
(1796, 904, '4thQuarter', '2019-2020', NULL, NULL, '2021-12-08 16:21:01'),
(1797, 905, '1stQuarter', '2019-2020', NULL, NULL, '2021-12-08 16:21:01'),
(1798, 905, '2ndQuarter', '2019-2020', NULL, NULL, '2021-12-08 16:21:01'),
(1799, 905, '3rdQuarter', '2019-2020', NULL, NULL, '2021-12-08 16:21:01'),
(1800, 905, '4thQuarter', '2019-2020', NULL, NULL, '2021-12-08 16:21:01'),
(1801, 906, '1stQuarter', '2019-2020', NULL, NULL, '2021-12-08 16:21:01'),
(1802, 906, '2ndQuarter', '2019-2020', NULL, NULL, '2021-12-08 16:21:01'),
(1803, 906, '3rdQuarter', '2019-2020', NULL, NULL, '2021-12-08 16:21:01'),
(1804, 906, '4thQuarter', '2019-2020', NULL, NULL, '2021-12-08 16:21:01'),
(1805, 907, '1stQuarter', '2019-2020', NULL, NULL, '2021-12-08 16:21:01'),
(1806, 907, '2ndQuarter', '2019-2020', NULL, NULL, '2021-12-08 16:21:01'),
(1807, 907, '3rdQuarter', '2019-2020', NULL, NULL, '2021-12-08 16:21:01'),
(1808, 907, '4thQuarter', '2019-2020', NULL, NULL, '2021-12-08 16:21:01'),
(1809, 908, '1stQuarter', '2019-2020', NULL, NULL, '2021-12-08 16:21:01'),
(1810, 908, '2ndQuarter', '2019-2020', NULL, NULL, '2021-12-08 16:21:01'),
(1811, 908, '3rdQuarter', '2019-2020', NULL, NULL, '2021-12-08 16:21:01'),
(1812, 908, '4thQuarter', '2019-2020', NULL, NULL, '2021-12-08 16:21:01'),
(1813, 909, '1stQuarter', '2019-2020', NULL, NULL, '2021-12-08 16:21:01'),
(1814, 909, '2ndQuarter', '2019-2020', NULL, NULL, '2021-12-08 16:21:01'),
(1815, 909, '3rdQuarter', '2019-2020', NULL, NULL, '2021-12-08 16:21:01'),
(1816, 909, '4thQuarter', '2019-2020', NULL, NULL, '2021-12-08 16:21:01'),
(1817, 910, '1stQuarter', '2019-2020', NULL, NULL, '2021-12-08 16:21:01'),
(1818, 910, '2ndQuarter', '2019-2020', NULL, NULL, '2021-12-08 16:21:01'),
(1819, 910, '3rdQuarter', '2019-2020', NULL, NULL, '2021-12-08 16:21:01'),
(1820, 910, '4thQuarter', '2019-2020', NULL, NULL, '2021-12-08 16:21:01'),
(1821, 911, '1stQuarter', '2020-2021', NULL, NULL, '2021-12-08 16:21:10'),
(1822, 911, '2ndQuarter', '2020-2021', NULL, NULL, '2021-12-08 16:21:10'),
(1823, 911, '3rdQuarter', '2020-2021', NULL, NULL, '2021-12-08 16:21:10'),
(1824, 911, '4thQuarter', '2020-2021', NULL, NULL, '2021-12-08 16:21:10'),
(1825, 912, '1stQuarter', '2020-2021', NULL, NULL, '2021-12-08 16:21:10'),
(1826, 912, '2ndQuarter', '2020-2021', NULL, NULL, '2021-12-08 16:21:10'),
(1827, 912, '3rdQuarter', '2020-2021', NULL, NULL, '2021-12-08 16:21:10'),
(1828, 912, '4thQuarter', '2020-2021', NULL, NULL, '2021-12-08 16:21:10'),
(1829, 913, '1stQuarter', '2020-2021', NULL, NULL, '2021-12-08 16:21:10'),
(1830, 913, '2ndQuarter', '2020-2021', NULL, NULL, '2021-12-08 16:21:10'),
(1831, 913, '3rdQuarter', '2020-2021', NULL, NULL, '2021-12-08 16:21:10'),
(1832, 913, '4thQuarter', '2020-2021', NULL, NULL, '2021-12-08 16:21:10'),
(1833, 914, '1stQuarter', '2020-2021', NULL, NULL, '2021-12-08 16:21:10'),
(1834, 914, '2ndQuarter', '2020-2021', NULL, NULL, '2021-12-08 16:21:10'),
(1835, 914, '3rdQuarter', '2020-2021', NULL, NULL, '2021-12-08 16:21:10'),
(1836, 914, '4thQuarter', '2020-2021', NULL, NULL, '2021-12-08 16:21:10'),
(1837, 915, '1stQuarter', '2020-2021', NULL, NULL, '2021-12-08 16:21:10'),
(1838, 915, '2ndQuarter', '2020-2021', NULL, NULL, '2021-12-08 16:21:10'),
(1839, 915, '3rdQuarter', '2020-2021', NULL, NULL, '2021-12-08 16:21:10'),
(1840, 915, '4thQuarter', '2020-2021', NULL, NULL, '2021-12-08 16:21:10'),
(1841, 916, '1stQuarter', '2020-2021', NULL, NULL, '2021-12-08 16:21:10'),
(1842, 916, '2ndQuarter', '2020-2021', NULL, NULL, '2021-12-08 16:21:10'),
(1843, 916, '3rdQuarter', '2020-2021', NULL, NULL, '2021-12-08 16:21:10'),
(1844, 916, '4thQuarter', '2020-2021', NULL, NULL, '2021-12-08 16:21:10'),
(1845, 917, '1stQuarter', '2020-2021', NULL, NULL, '2021-12-08 16:21:10'),
(1846, 917, '2ndQuarter', '2020-2021', NULL, NULL, '2021-12-08 16:21:10'),
(1847, 917, '3rdQuarter', '2020-2021', NULL, NULL, '2021-12-08 16:21:10'),
(1848, 917, '4thQuarter', '2020-2021', NULL, NULL, '2021-12-08 16:21:10'),
(1849, 918, '1stQuarter', '2020-2021', NULL, NULL, '2021-12-08 16:21:10'),
(1850, 918, '2ndQuarter', '2020-2021', NULL, NULL, '2021-12-08 16:21:10'),
(1851, 918, '3rdQuarter', '2020-2021', NULL, NULL, '2021-12-08 16:21:10'),
(1852, 918, '4thQuarter', '2020-2021', NULL, NULL, '2021-12-08 16:21:10'),
(1853, 919, '1stQuarter', '2021-2022', NULL, NULL, '2021-12-08 16:21:20'),
(1854, 919, '2ndQuarter', '2021-2022', NULL, NULL, '2021-12-08 16:21:20'),
(1855, 919, '3rdQuarter', '2021-2022', NULL, NULL, '2021-12-08 16:21:20'),
(1856, 919, '4thQuarter', '2021-2022', NULL, NULL, '2021-12-08 16:21:20'),
(1857, 920, '1stQuarter', '2021-2022', NULL, NULL, '2021-12-08 16:21:20'),
(1858, 920, '2ndQuarter', '2021-2022', NULL, NULL, '2021-12-08 16:21:20'),
(1859, 920, '3rdQuarter', '2021-2022', NULL, NULL, '2021-12-08 16:21:20'),
(1860, 920, '4thQuarter', '2021-2022', NULL, NULL, '2021-12-08 16:21:20'),
(1861, 921, '1stQuarter', '2021-2022', NULL, NULL, '2021-12-08 16:21:20'),
(1862, 921, '2ndQuarter', '2021-2022', NULL, NULL, '2021-12-08 16:21:20'),
(1863, 921, '3rdQuarter', '2021-2022', NULL, NULL, '2021-12-08 16:21:20'),
(1864, 921, '4thQuarter', '2021-2022', NULL, NULL, '2021-12-08 16:21:20'),
(1865, 922, '1stQuarter', '2021-2022', NULL, NULL, '2021-12-08 16:21:20'),
(1866, 922, '2ndQuarter', '2021-2022', NULL, NULL, '2021-12-08 16:21:20'),
(1867, 922, '3rdQuarter', '2021-2022', NULL, NULL, '2021-12-08 16:21:20'),
(1868, 922, '4thQuarter', '2021-2022', NULL, NULL, '2021-12-08 16:21:20'),
(1869, 923, '1stQuarter', '2021-2022', NULL, NULL, '2021-12-08 16:21:20'),
(1870, 923, '2ndQuarter', '2021-2022', NULL, NULL, '2021-12-08 16:21:20'),
(1871, 923, '3rdQuarter', '2021-2022', NULL, NULL, '2021-12-08 16:21:20'),
(1872, 923, '4thQuarter', '2021-2022', NULL, NULL, '2021-12-08 16:21:20'),
(1873, 924, '1stQuarter', '2021-2022', NULL, NULL, '2021-12-08 16:21:20'),
(1874, 924, '2ndQuarter', '2021-2022', NULL, NULL, '2021-12-08 16:21:20'),
(1875, 924, '3rdQuarter', '2021-2022', NULL, NULL, '2021-12-08 16:21:20'),
(1876, 924, '4thQuarter', '2021-2022', NULL, NULL, '2021-12-08 16:21:20'),
(1877, 925, '1stQuarter', '2021-2022', NULL, NULL, '2021-12-08 16:21:20'),
(1878, 925, '2ndQuarter', '2021-2022', NULL, NULL, '2021-12-08 16:21:20'),
(1879, 925, '3rdQuarter', '2021-2022', NULL, NULL, '2021-12-08 16:21:20'),
(1880, 925, '4thQuarter', '2021-2022', NULL, NULL, '2021-12-08 16:21:20'),
(1881, 926, '1stQuarter', '2021-2022', NULL, NULL, '2021-12-08 16:21:20'),
(1882, 926, '2ndQuarter', '2021-2022', NULL, NULL, '2021-12-08 16:21:20'),
(1883, 926, '3rdQuarter', '2021-2022', NULL, NULL, '2021-12-08 16:21:20'),
(1884, 926, '4thQuarter', '2021-2022', NULL, NULL, '2021-12-08 16:21:20'),
(1885, 927, '1stQuarter', '2021-2022', NULL, NULL, '2021-12-08 16:21:50'),
(1886, 927, '2ndQuarter', '2021-2022', NULL, NULL, '2021-12-08 16:21:50'),
(1887, 927, '3rdQuarter', '2021-2022', NULL, NULL, '2021-12-08 16:21:50'),
(1888, 927, '4thQuarter', '2021-2022', NULL, NULL, '2021-12-08 16:21:50'),
(1889, 928, '1stQuarter', '2021-2022', NULL, NULL, '2021-12-08 16:21:50'),
(1890, 928, '2ndQuarter', '2021-2022', NULL, NULL, '2021-12-08 16:21:50'),
(1891, 928, '3rdQuarter', '2021-2022', NULL, NULL, '2021-12-08 16:21:50'),
(1892, 928, '4thQuarter', '2021-2022', NULL, NULL, '2021-12-08 16:21:50'),
(1893, 929, '1stQuarter', '2021-2022', NULL, NULL, '2021-12-08 16:21:50'),
(1894, 929, '2ndQuarter', '2021-2022', NULL, NULL, '2021-12-08 16:21:50'),
(1895, 929, '3rdQuarter', '2021-2022', NULL, NULL, '2021-12-08 16:21:50'),
(1896, 929, '4thQuarter', '2021-2022', NULL, NULL, '2021-12-08 16:21:50'),
(1897, 930, '1stQuarter', '2021-2022', NULL, NULL, '2021-12-08 16:21:50'),
(1898, 930, '2ndQuarter', '2021-2022', NULL, NULL, '2021-12-08 16:21:50'),
(1899, 930, '3rdQuarter', '2021-2022', NULL, NULL, '2021-12-08 16:21:50'),
(1900, 930, '4thQuarter', '2021-2022', NULL, NULL, '2021-12-08 16:21:50'),
(1901, 931, '1stQuarter', '2021-2022', NULL, NULL, '2021-12-08 16:21:50'),
(1902, 931, '2ndQuarter', '2021-2022', NULL, NULL, '2021-12-08 16:21:50'),
(1903, 931, '3rdQuarter', '2021-2022', NULL, NULL, '2021-12-08 16:21:50'),
(1904, 931, '4thQuarter', '2021-2022', NULL, NULL, '2021-12-08 16:21:50'),
(1905, 932, '1stQuarter', '2021-2022', NULL, NULL, '2021-12-08 16:21:50'),
(1906, 932, '2ndQuarter', '2021-2022', NULL, NULL, '2021-12-08 16:21:50'),
(1907, 932, '3rdQuarter', '2021-2022', NULL, NULL, '2021-12-08 16:21:50'),
(1908, 932, '4thQuarter', '2021-2022', NULL, NULL, '2021-12-08 16:21:50'),
(1909, 933, '1stQuarter', '2021-2022', NULL, NULL, '2021-12-08 16:21:50'),
(1910, 933, '2ndQuarter', '2021-2022', NULL, NULL, '2021-12-08 16:21:50'),
(1911, 933, '3rdQuarter', '2021-2022', NULL, NULL, '2021-12-08 16:21:50'),
(1912, 933, '4thQuarter', '2021-2022', NULL, NULL, '2021-12-08 16:21:50'),
(1913, 934, '1stQuarter', '2021-2022', NULL, NULL, '2021-12-08 16:21:50'),
(1914, 934, '2ndQuarter', '2021-2022', NULL, NULL, '2021-12-08 16:21:50'),
(1915, 934, '3rdQuarter', '2021-2022', NULL, NULL, '2021-12-08 16:21:50'),
(1916, 934, '4thQuarter', '2021-2022', NULL, NULL, '2021-12-08 16:21:50'),
(1917, 935, '1stQuarter', '2019-2020', NULL, NULL, '2021-12-08 16:22:24'),
(1918, 935, '2ndQuarter', '2019-2020', NULL, NULL, '2021-12-08 16:22:24'),
(1919, 935, '3rdQuarter', '2019-2020', NULL, NULL, '2021-12-08 16:22:24'),
(1920, 935, '4thQuarter', '2019-2020', NULL, NULL, '2021-12-08 16:22:24'),
(1921, 936, '1stQuarter', '2019-2020', NULL, NULL, '2021-12-08 16:22:24'),
(1922, 936, '2ndQuarter', '2019-2020', NULL, NULL, '2021-12-08 16:22:24'),
(1923, 936, '3rdQuarter', '2019-2020', NULL, NULL, '2021-12-08 16:22:24'),
(1924, 936, '4thQuarter', '2019-2020', NULL, NULL, '2021-12-08 16:22:24'),
(1925, 937, '1stQuarter', '2019-2020', NULL, NULL, '2021-12-08 16:22:24'),
(1926, 937, '2ndQuarter', '2019-2020', NULL, NULL, '2021-12-08 16:22:24'),
(1927, 937, '3rdQuarter', '2019-2020', NULL, NULL, '2021-12-08 16:22:24'),
(1928, 937, '4thQuarter', '2019-2020', NULL, NULL, '2021-12-08 16:22:24'),
(1929, 938, '1stQuarter', '2019-2020', NULL, NULL, '2021-12-08 16:22:24'),
(1930, 938, '2ndQuarter', '2019-2020', NULL, NULL, '2021-12-08 16:22:24'),
(1931, 938, '3rdQuarter', '2019-2020', NULL, NULL, '2021-12-08 16:22:24'),
(1932, 938, '4thQuarter', '2019-2020', NULL, NULL, '2021-12-08 16:22:24'),
(1933, 939, '1stQuarter', '2019-2020', NULL, NULL, '2021-12-08 16:22:24'),
(1934, 939, '2ndQuarter', '2019-2020', NULL, NULL, '2021-12-08 16:22:24'),
(1935, 939, '3rdQuarter', '2019-2020', NULL, NULL, '2021-12-08 16:22:24'),
(1936, 939, '4thQuarter', '2019-2020', NULL, NULL, '2021-12-08 16:22:24'),
(1937, 940, '1stQuarter', '2019-2020', NULL, NULL, '2021-12-08 16:22:24'),
(1938, 940, '2ndQuarter', '2019-2020', NULL, NULL, '2021-12-08 16:22:24'),
(1939, 940, '3rdQuarter', '2019-2020', NULL, NULL, '2021-12-08 16:22:24'),
(1940, 940, '4thQuarter', '2019-2020', NULL, NULL, '2021-12-08 16:22:24'),
(1941, 941, '1stQuarter', '2019-2020', NULL, NULL, '2021-12-08 16:22:24'),
(1942, 941, '2ndQuarter', '2019-2020', NULL, NULL, '2021-12-08 16:22:24'),
(1943, 941, '3rdQuarter', '2019-2020', NULL, NULL, '2021-12-08 16:22:24'),
(1944, 941, '4thQuarter', '2019-2020', NULL, NULL, '2021-12-08 16:22:24'),
(1945, 942, '1stQuarter', '2019-2020', NULL, NULL, '2021-12-08 16:22:24'),
(1946, 942, '2ndQuarter', '2019-2020', NULL, NULL, '2021-12-08 16:22:24'),
(1947, 942, '3rdQuarter', '2019-2020', NULL, NULL, '2021-12-08 16:22:24'),
(1948, 942, '4thQuarter', '2019-2020', NULL, NULL, '2021-12-08 16:22:24'),
(1949, 943, '1stQuarter', '2019-2020', NULL, NULL, '2021-12-08 16:22:24'),
(1950, 943, '2ndQuarter', '2019-2020', NULL, NULL, '2021-12-08 16:22:24'),
(1951, 943, '3rdQuarter', '2019-2020', NULL, NULL, '2021-12-08 16:22:24'),
(1952, 943, '4thQuarter', '2019-2020', NULL, NULL, '2021-12-08 16:22:24'),
(1953, 944, '1stQuarter', '2019-2020', NULL, NULL, '2021-12-08 16:22:35'),
(1954, 944, '2ndQuarter', '2019-2020', NULL, NULL, '2021-12-08 16:22:35'),
(1955, 944, '3rdQuarter', '2019-2020', NULL, NULL, '2021-12-08 16:22:35'),
(1956, 944, '4thQuarter', '2019-2020', NULL, NULL, '2021-12-08 16:22:35'),
(1957, 945, '1stQuarter', '2019-2020', NULL, NULL, '2021-12-08 16:22:35'),
(1958, 945, '2ndQuarter', '2019-2020', NULL, NULL, '2021-12-08 16:22:35'),
(1959, 945, '3rdQuarter', '2019-2020', NULL, NULL, '2021-12-08 16:22:35'),
(1960, 945, '4thQuarter', '2019-2020', NULL, NULL, '2021-12-08 16:22:35'),
(1961, 946, '1stQuarter', '2019-2020', NULL, NULL, '2021-12-08 16:22:35'),
(1962, 946, '2ndQuarter', '2019-2020', NULL, NULL, '2021-12-08 16:22:35'),
(1963, 946, '3rdQuarter', '2019-2020', NULL, NULL, '2021-12-08 16:22:35'),
(1964, 946, '4thQuarter', '2019-2020', NULL, NULL, '2021-12-08 16:22:35'),
(1965, 947, '1stQuarter', '2019-2020', NULL, NULL, '2021-12-08 16:22:35'),
(1966, 947, '2ndQuarter', '2019-2020', NULL, NULL, '2021-12-08 16:22:35'),
(1967, 947, '3rdQuarter', '2019-2020', NULL, NULL, '2021-12-08 16:22:35'),
(1968, 947, '4thQuarter', '2019-2020', NULL, NULL, '2021-12-08 16:22:35'),
(1969, 948, '1stQuarter', '2019-2020', NULL, NULL, '2021-12-08 16:22:35'),
(1970, 948, '2ndQuarter', '2019-2020', NULL, NULL, '2021-12-08 16:22:35'),
(1971, 948, '3rdQuarter', '2019-2020', NULL, NULL, '2021-12-08 16:22:35'),
(1972, 948, '4thQuarter', '2019-2020', NULL, NULL, '2021-12-08 16:22:35'),
(1973, 949, '1stQuarter', '2019-2020', NULL, NULL, '2021-12-08 16:22:35'),
(1974, 949, '2ndQuarter', '2019-2020', NULL, NULL, '2021-12-08 16:22:35'),
(1975, 949, '3rdQuarter', '2019-2020', NULL, NULL, '2021-12-08 16:22:35'),
(1976, 949, '4thQuarter', '2019-2020', NULL, NULL, '2021-12-08 16:22:35'),
(1977, 950, '1stQuarter', '2019-2020', NULL, NULL, '2021-12-08 16:22:35'),
(1978, 950, '2ndQuarter', '2019-2020', NULL, NULL, '2021-12-08 16:22:35'),
(1979, 950, '3rdQuarter', '2019-2020', NULL, NULL, '2021-12-08 16:22:35'),
(1980, 950, '4thQuarter', '2019-2020', NULL, NULL, '2021-12-08 16:22:35'),
(1981, 951, '1stQuarter', '2019-2020', NULL, NULL, '2021-12-08 16:22:35'),
(1982, 951, '2ndQuarter', '2019-2020', NULL, NULL, '2021-12-08 16:22:35'),
(1983, 951, '3rdQuarter', '2019-2020', NULL, NULL, '2021-12-08 16:22:35'),
(1984, 951, '4thQuarter', '2019-2020', NULL, NULL, '2021-12-08 16:22:35'),
(1985, 952, '1stQuarter', '2019-2020', NULL, NULL, '2021-12-08 16:22:35'),
(1986, 952, '2ndQuarter', '2019-2020', NULL, NULL, '2021-12-08 16:22:35'),
(1987, 952, '3rdQuarter', '2019-2020', NULL, NULL, '2021-12-08 16:22:35'),
(1988, 952, '4thQuarter', '2019-2020', NULL, NULL, '2021-12-08 16:22:35'),
(1989, 953, '1stQuarter', '2020-2021', NULL, NULL, '2021-12-08 16:22:44'),
(1990, 953, '2ndQuarter', '2020-2021', NULL, NULL, '2021-12-08 16:22:44'),
(1991, 953, '3rdQuarter', '2020-2021', NULL, NULL, '2021-12-08 16:22:44'),
(1992, 953, '4thQuarter', '2020-2021', NULL, NULL, '2021-12-08 16:22:44'),
(1993, 954, '1stQuarter', '2020-2021', NULL, NULL, '2021-12-08 16:22:44'),
(1994, 954, '2ndQuarter', '2020-2021', NULL, NULL, '2021-12-08 16:22:44'),
(1995, 954, '3rdQuarter', '2020-2021', NULL, NULL, '2021-12-08 16:22:44'),
(1996, 954, '4thQuarter', '2020-2021', NULL, NULL, '2021-12-08 16:22:44'),
(1997, 955, '1stQuarter', '2020-2021', NULL, NULL, '2021-12-08 16:22:44'),
(1998, 955, '2ndQuarter', '2020-2021', NULL, NULL, '2021-12-08 16:22:44'),
(1999, 955, '3rdQuarter', '2020-2021', NULL, NULL, '2021-12-08 16:22:44'),
(2000, 955, '4thQuarter', '2020-2021', NULL, NULL, '2021-12-08 16:22:44'),
(2001, 956, '1stQuarter', '2020-2021', NULL, NULL, '2021-12-08 16:22:44'),
(2002, 956, '2ndQuarter', '2020-2021', NULL, NULL, '2021-12-08 16:22:44'),
(2003, 956, '3rdQuarter', '2020-2021', NULL, NULL, '2021-12-08 16:22:44'),
(2004, 956, '4thQuarter', '2020-2021', NULL, NULL, '2021-12-08 16:22:44'),
(2005, 957, '1stQuarter', '2020-2021', NULL, NULL, '2021-12-08 16:22:44'),
(2006, 957, '2ndQuarter', '2020-2021', NULL, NULL, '2021-12-08 16:22:44'),
(2007, 957, '3rdQuarter', '2020-2021', NULL, NULL, '2021-12-08 16:22:44'),
(2008, 957, '4thQuarter', '2020-2021', NULL, NULL, '2021-12-08 16:22:44'),
(2009, 958, '1stQuarter', '2020-2021', NULL, NULL, '2021-12-08 16:22:44'),
(2010, 958, '2ndQuarter', '2020-2021', NULL, NULL, '2021-12-08 16:22:44'),
(2011, 958, '3rdQuarter', '2020-2021', NULL, NULL, '2021-12-08 16:22:44'),
(2012, 958, '4thQuarter', '2020-2021', NULL, NULL, '2021-12-08 16:22:44'),
(2013, 959, '1stQuarter', '2020-2021', NULL, NULL, '2021-12-08 16:22:44'),
(2014, 959, '2ndQuarter', '2020-2021', NULL, NULL, '2021-12-08 16:22:44'),
(2015, 959, '3rdQuarter', '2020-2021', NULL, NULL, '2021-12-08 16:22:44'),
(2016, 959, '4thQuarter', '2020-2021', NULL, NULL, '2021-12-08 16:22:44'),
(2017, 960, '1stQuarter', '2020-2021', NULL, NULL, '2021-12-08 16:22:44'),
(2018, 960, '2ndQuarter', '2020-2021', NULL, NULL, '2021-12-08 16:22:44'),
(2019, 960, '3rdQuarter', '2020-2021', NULL, NULL, '2021-12-08 16:22:44'),
(2020, 960, '4thQuarter', '2020-2021', NULL, NULL, '2021-12-08 16:22:44'),
(2021, 961, '1stQuarter', '2020-2021', NULL, NULL, '2021-12-08 16:22:45'),
(2022, 961, '2ndQuarter', '2020-2021', NULL, NULL, '2021-12-08 16:22:45'),
(2023, 961, '3rdQuarter', '2020-2021', NULL, NULL, '2021-12-08 16:22:45'),
(2024, 961, '4thQuarter', '2020-2021', NULL, NULL, '2021-12-08 16:22:45'),
(2025, 962, '1stQuarter', '2020-2021', NULL, NULL, '2021-12-08 16:22:45'),
(2026, 962, '2ndQuarter', '2020-2021', NULL, NULL, '2021-12-08 16:22:45'),
(2027, 962, '3rdQuarter', '2020-2021', NULL, NULL, '2021-12-08 16:22:45'),
(2028, 962, '4thQuarter', '2020-2021', NULL, NULL, '2021-12-08 16:22:45'),
(2029, 963, '1stQuarter', '2020-2021', NULL, NULL, '2021-12-08 16:22:45'),
(2030, 963, '2ndQuarter', '2020-2021', NULL, NULL, '2021-12-08 16:22:45'),
(2031, 963, '3rdQuarter', '2020-2021', NULL, NULL, '2021-12-08 16:22:45'),
(2032, 963, '4thQuarter', '2020-2021', NULL, NULL, '2021-12-08 16:22:45'),
(2033, 964, '1stQuarter', '2020-2021', NULL, NULL, '2021-12-08 16:22:45'),
(2034, 964, '2ndQuarter', '2020-2021', NULL, NULL, '2021-12-08 16:22:45'),
(2035, 964, '3rdQuarter', '2020-2021', NULL, NULL, '2021-12-08 16:22:45'),
(2036, 964, '4thQuarter', '2020-2021', NULL, NULL, '2021-12-08 16:22:45'),
(2037, 965, '1stQuarter', '2020-2021', NULL, NULL, '2021-12-08 16:22:45'),
(2038, 965, '2ndQuarter', '2020-2021', NULL, NULL, '2021-12-08 16:22:45'),
(2039, 965, '3rdQuarter', '2020-2021', NULL, NULL, '2021-12-08 16:22:45'),
(2040, 965, '4thQuarter', '2020-2021', NULL, NULL, '2021-12-08 16:22:45'),
(2041, 966, '1stQuarter', '2020-2021', NULL, NULL, '2021-12-08 16:22:45'),
(2042, 966, '2ndQuarter', '2020-2021', NULL, NULL, '2021-12-08 16:22:45'),
(2043, 966, '3rdQuarter', '2020-2021', NULL, NULL, '2021-12-08 16:22:45'),
(2044, 966, '4thQuarter', '2020-2021', NULL, NULL, '2021-12-08 16:22:45'),
(2045, 967, '1stQuarter', '2020-2021', NULL, NULL, '2021-12-08 16:22:45'),
(2046, 967, '2ndQuarter', '2020-2021', NULL, NULL, '2021-12-08 16:22:45'),
(2047, 967, '3rdQuarter', '2020-2021', NULL, NULL, '2021-12-08 16:22:45'),
(2048, 967, '4thQuarter', '2020-2021', NULL, NULL, '2021-12-08 16:22:45'),
(2049, 968, '1stQuarter', '2020-2021', NULL, NULL, '2021-12-08 16:22:45'),
(2050, 968, '2ndQuarter', '2020-2021', NULL, NULL, '2021-12-08 16:22:45'),
(2051, 968, '3rdQuarter', '2020-2021', NULL, NULL, '2021-12-08 16:22:45'),
(2052, 968, '4thQuarter', '2020-2021', NULL, NULL, '2021-12-08 16:22:45'),
(2053, 969, '1stQuarter', '2021-2022', NULL, NULL, '2021-12-08 16:22:55'),
(2054, 969, '2ndQuarter', '2021-2022', NULL, NULL, '2021-12-08 16:22:55'),
(2055, 969, '3rdQuarter', '2021-2022', NULL, NULL, '2021-12-08 16:22:55'),
(2056, 969, '4thQuarter', '2021-2022', NULL, NULL, '2021-12-08 16:22:55'),
(2057, 970, '1stQuarter', '2021-2022', NULL, NULL, '2021-12-08 16:22:55'),
(2058, 970, '2ndQuarter', '2021-2022', NULL, NULL, '2021-12-08 16:22:55'),
(2059, 970, '3rdQuarter', '2021-2022', NULL, NULL, '2021-12-08 16:22:55'),
(2060, 970, '4thQuarter', '2021-2022', NULL, NULL, '2021-12-08 16:22:55'),
(2061, 971, '1stQuarter', '2021-2022', NULL, NULL, '2021-12-08 16:22:55'),
(2062, 971, '2ndQuarter', '2021-2022', NULL, NULL, '2021-12-08 16:22:55'),
(2063, 971, '3rdQuarter', '2021-2022', NULL, NULL, '2021-12-08 16:22:55'),
(2064, 971, '4thQuarter', '2021-2022', NULL, NULL, '2021-12-08 16:22:55'),
(2065, 972, '1stQuarter', '2021-2022', NULL, NULL, '2021-12-08 16:22:55'),
(2066, 972, '2ndQuarter', '2021-2022', NULL, NULL, '2021-12-08 16:22:55'),
(2067, 972, '3rdQuarter', '2021-2022', NULL, NULL, '2021-12-08 16:22:55'),
(2068, 972, '4thQuarter', '2021-2022', NULL, NULL, '2021-12-08 16:22:55'),
(2069, 973, '1stQuarter', '2021-2022', NULL, NULL, '2021-12-08 16:22:55'),
(2070, 973, '2ndQuarter', '2021-2022', NULL, NULL, '2021-12-08 16:22:55'),
(2071, 973, '3rdQuarter', '2021-2022', NULL, NULL, '2021-12-08 16:22:55'),
(2072, 973, '4thQuarter', '2021-2022', NULL, NULL, '2021-12-08 16:22:55'),
(2073, 974, '1stQuarter', '2021-2022', NULL, NULL, '2021-12-08 16:22:55'),
(2074, 974, '2ndQuarter', '2021-2022', NULL, NULL, '2021-12-08 16:22:55'),
(2075, 974, '3rdQuarter', '2021-2022', NULL, NULL, '2021-12-08 16:22:55'),
(2076, 974, '4thQuarter', '2021-2022', NULL, NULL, '2021-12-08 16:22:55'),
(2077, 975, '1stQuarter', '2021-2022', NULL, NULL, '2021-12-08 16:22:55'),
(2078, 975, '2ndQuarter', '2021-2022', NULL, NULL, '2021-12-08 16:22:55'),
(2079, 975, '3rdQuarter', '2021-2022', NULL, NULL, '2021-12-08 16:22:55'),
(2080, 975, '4thQuarter', '2021-2022', NULL, NULL, '2021-12-08 16:22:55'),
(2081, 976, '1stQuarter', '2021-2022', NULL, NULL, '2021-12-08 16:22:55'),
(2082, 976, '2ndQuarter', '2021-2022', NULL, NULL, '2021-12-08 16:22:55'),
(2083, 976, '3rdQuarter', '2021-2022', NULL, NULL, '2021-12-08 16:22:55'),
(2084, 976, '4thQuarter', '2021-2022', NULL, NULL, '2021-12-08 16:22:55'),
(2085, 977, '1stQuarter', '2021-2022', NULL, NULL, '2021-12-08 16:23:01'),
(2086, 977, '2ndQuarter', '2021-2022', NULL, NULL, '2021-12-08 16:23:01'),
(2087, 977, '3rdQuarter', '2021-2022', NULL, NULL, '2021-12-08 16:23:01'),
(2088, 977, '4thQuarter', '2021-2022', NULL, NULL, '2021-12-08 16:23:01'),
(2089, 978, '1stQuarter', '2021-2022', NULL, NULL, '2021-12-08 16:23:01'),
(2090, 978, '2ndQuarter', '2021-2022', NULL, NULL, '2021-12-08 16:23:01'),
(2091, 978, '3rdQuarter', '2021-2022', NULL, NULL, '2021-12-08 16:23:01'),
(2092, 978, '4thQuarter', '2021-2022', NULL, NULL, '2021-12-08 16:23:01'),
(2093, 979, '1stQuarter', '2021-2022', NULL, NULL, '2021-12-08 16:23:01'),
(2094, 979, '2ndQuarter', '2021-2022', NULL, NULL, '2021-12-08 16:23:01'),
(2095, 979, '3rdQuarter', '2021-2022', NULL, NULL, '2021-12-08 16:23:01'),
(2096, 979, '4thQuarter', '2021-2022', NULL, NULL, '2021-12-08 16:23:01'),
(2097, 980, '1stQuarter', '2021-2022', NULL, NULL, '2021-12-08 16:23:01'),
(2098, 980, '2ndQuarter', '2021-2022', NULL, NULL, '2021-12-08 16:23:01'),
(2099, 980, '3rdQuarter', '2021-2022', NULL, NULL, '2021-12-08 16:23:01'),
(2100, 980, '4thQuarter', '2021-2022', NULL, NULL, '2021-12-08 16:23:01'),
(2101, 981, '1stQuarter', '2021-2022', NULL, NULL, '2021-12-08 16:23:01'),
(2102, 981, '2ndQuarter', '2021-2022', NULL, NULL, '2021-12-08 16:23:01'),
(2103, 981, '3rdQuarter', '2021-2022', NULL, NULL, '2021-12-08 16:23:01'),
(2104, 981, '4thQuarter', '2021-2022', NULL, NULL, '2021-12-08 16:23:01'),
(2105, 982, '1stQuarter', '2021-2022', NULL, NULL, '2021-12-08 16:23:58'),
(2106, 982, '2ndQuarter', '2021-2022', NULL, NULL, '2021-12-08 16:23:58'),
(2107, 982, '3rdQuarter', '2021-2022', NULL, NULL, '2021-12-08 16:23:58'),
(2108, 982, '4thQuarter', '2021-2022', NULL, NULL, '2021-12-08 16:23:58'),
(2109, 983, '1stQuarter', '2021-2022', NULL, NULL, '2021-12-08 16:23:58'),
(2110, 983, '2ndQuarter', '2021-2022', NULL, NULL, '2021-12-08 16:23:58'),
(2111, 983, '3rdQuarter', '2021-2022', NULL, NULL, '2021-12-08 16:23:58'),
(2112, 983, '4thQuarter', '2021-2022', NULL, NULL, '2021-12-08 16:23:58'),
(2113, 984, '1stQuarter', '2021-2022', NULL, NULL, '2021-12-08 16:23:58'),
(2114, 984, '2ndQuarter', '2021-2022', NULL, NULL, '2021-12-08 16:23:58'),
(2115, 984, '3rdQuarter', '2021-2022', NULL, NULL, '2021-12-08 16:23:58'),
(2116, 984, '4thQuarter', '2021-2022', NULL, NULL, '2021-12-08 16:23:58'),
(2117, 985, '1stQuarter', '2021-2022', NULL, NULL, '2021-12-08 16:23:58'),
(2118, 985, '2ndQuarter', '2021-2022', NULL, NULL, '2021-12-08 16:23:58'),
(2119, 985, '3rdQuarter', '2021-2022', NULL, NULL, '2021-12-08 16:23:58'),
(2120, 985, '4thQuarter', '2021-2022', NULL, NULL, '2021-12-08 16:23:58'),
(2121, 986, '1stQuarter', '2021-2022', NULL, NULL, '2021-12-08 16:23:58'),
(2122, 986, '2ndQuarter', '2021-2022', NULL, NULL, '2021-12-08 16:23:58'),
(2123, 986, '3rdQuarter', '2021-2022', NULL, NULL, '2021-12-08 16:23:58'),
(2124, 986, '4thQuarter', '2021-2022', NULL, NULL, '2021-12-08 16:23:58'),
(2125, 987, '1stQuarter', '2021-2022', NULL, NULL, '2021-12-08 16:24:24'),
(2126, 987, '2ndQuarter', '2021-2022', NULL, NULL, '2021-12-08 16:24:24'),
(2127, 987, '3rdQuarter', '2021-2022', NULL, NULL, '2021-12-08 16:24:24'),
(2128, 987, '4thQuarter', '2021-2022', NULL, NULL, '2021-12-08 16:24:24'),
(2129, 988, '1stQuarter', '2021-2022', NULL, NULL, '2021-12-08 16:24:24'),
(2130, 988, '2ndQuarter', '2021-2022', NULL, NULL, '2021-12-08 16:24:24'),
(2131, 988, '3rdQuarter', '2021-2022', NULL, NULL, '2021-12-08 16:24:24'),
(2132, 988, '4thQuarter', '2021-2022', NULL, NULL, '2021-12-08 16:24:24'),
(2133, 989, '1stQuarter', '2021-2022', NULL, NULL, '2021-12-08 16:24:24'),
(2134, 989, '2ndQuarter', '2021-2022', NULL, NULL, '2021-12-08 16:24:24'),
(2135, 989, '3rdQuarter', '2021-2022', NULL, NULL, '2021-12-08 16:24:24'),
(2136, 989, '4thQuarter', '2021-2022', NULL, NULL, '2021-12-08 16:24:24'),
(2137, 990, '1stQuarter', '2021-2022', NULL, NULL, '2021-12-08 16:24:24'),
(2138, 990, '2ndQuarter', '2021-2022', NULL, NULL, '2021-12-08 16:24:24'),
(2139, 990, '3rdQuarter', '2021-2022', NULL, NULL, '2021-12-08 16:24:24'),
(2140, 990, '4thQuarter', '2021-2022', NULL, NULL, '2021-12-08 16:24:24'),
(2141, 991, '1stQuarter', '2021-2022', NULL, NULL, '2021-12-08 16:24:24'),
(2142, 991, '2ndQuarter', '2021-2022', NULL, NULL, '2021-12-08 16:24:24'),
(2143, 991, '3rdQuarter', '2021-2022', NULL, NULL, '2021-12-08 16:24:24'),
(2144, 991, '4thQuarter', '2021-2022', NULL, NULL, '2021-12-08 16:24:24'),
(2145, 992, '1stQuarter', '2021-2022', NULL, NULL, '2021-12-08 16:26:03'),
(2146, 992, '2ndQuarter', '2021-2022', NULL, NULL, '2021-12-08 16:26:03'),
(2147, 992, '3rdQuarter', '2021-2022', NULL, NULL, '2021-12-08 16:26:03'),
(2148, 992, '4thQuarter', '2021-2022', NULL, NULL, '2021-12-08 16:26:03'),
(2149, 993, '1stQuarter', '2021-2022', NULL, NULL, '2021-12-08 16:26:03'),
(2150, 993, '2ndQuarter', '2021-2022', NULL, NULL, '2021-12-08 16:26:03'),
(2151, 993, '3rdQuarter', '2021-2022', NULL, NULL, '2021-12-08 16:26:03'),
(2152, 993, '4thQuarter', '2021-2022', NULL, NULL, '2021-12-08 16:26:03'),
(2153, 994, '1stQuarter', '2021-2022', NULL, NULL, '2021-12-08 16:26:03'),
(2154, 994, '2ndQuarter', '2021-2022', NULL, NULL, '2021-12-08 16:26:03'),
(2155, 994, '3rdQuarter', '2021-2022', NULL, NULL, '2021-12-08 16:26:03'),
(2156, 994, '4thQuarter', '2021-2022', NULL, NULL, '2021-12-08 16:26:03'),
(2157, 995, '1stQuarter', '2021-2022', NULL, NULL, '2021-12-08 16:26:03'),
(2158, 995, '2ndQuarter', '2021-2022', NULL, NULL, '2021-12-08 16:26:03'),
(2159, 995, '3rdQuarter', '2021-2022', NULL, NULL, '2021-12-08 16:26:03'),
(2160, 995, '4thQuarter', '2021-2022', NULL, NULL, '2021-12-08 16:26:03'),
(2161, 996, '1stQuarter', '2021-2022', NULL, NULL, '2021-12-08 16:26:03'),
(2162, 996, '2ndQuarter', '2021-2022', NULL, NULL, '2021-12-08 16:26:03'),
(2163, 996, '3rdQuarter', '2021-2022', NULL, NULL, '2021-12-08 16:26:03'),
(2164, 996, '4thQuarter', '2021-2022', NULL, NULL, '2021-12-08 16:26:03'),
(2165, 997, '1stQuarter', '2021-2022', NULL, NULL, '2021-12-08 16:27:48'),
(2166, 997, '2ndQuarter', '2021-2022', NULL, NULL, '2021-12-08 16:27:48'),
(2167, 997, '3rdQuarter', '2021-2022', NULL, NULL, '2021-12-08 16:27:48'),
(2168, 997, '4thQuarter', '2021-2022', NULL, NULL, '2021-12-08 16:27:48'),
(2169, 998, '1stQuarter', '2021-2022', NULL, NULL, '2021-12-08 16:27:48'),
(2170, 998, '2ndQuarter', '2021-2022', NULL, NULL, '2021-12-08 16:27:48'),
(2171, 998, '3rdQuarter', '2021-2022', NULL, NULL, '2021-12-08 16:27:48'),
(2172, 998, '4thQuarter', '2021-2022', NULL, NULL, '2021-12-08 16:27:48'),
(2173, 999, '1stQuarter', '2021-2022', NULL, NULL, '2021-12-08 16:27:48'),
(2174, 999, '2ndQuarter', '2021-2022', NULL, NULL, '2021-12-08 16:27:48'),
(2175, 999, '3rdQuarter', '2021-2022', NULL, NULL, '2021-12-08 16:27:48'),
(2176, 999, '4thQuarter', '2021-2022', NULL, NULL, '2021-12-08 16:27:48'),
(2177, 1000, '1stQuarter', '2021-2022', NULL, NULL, '2021-12-08 16:27:48'),
(2178, 1000, '2ndQuarter', '2021-2022', NULL, NULL, '2021-12-08 16:27:48'),
(2179, 1000, '3rdQuarter', '2021-2022', NULL, NULL, '2021-12-08 16:27:48'),
(2180, 1000, '4thQuarter', '2021-2022', NULL, NULL, '2021-12-08 16:27:48'),
(2181, 1001, '1stQuarter', '2021-2022', NULL, NULL, '2021-12-08 16:27:48'),
(2182, 1001, '2ndQuarter', '2021-2022', NULL, NULL, '2021-12-08 16:27:48'),
(2183, 1001, '3rdQuarter', '2021-2022', NULL, NULL, '2021-12-08 16:27:48'),
(2184, 1001, '4thQuarter', '2021-2022', NULL, NULL, '2021-12-08 16:27:48'),
(2185, 1002, '1stQuarter', '2021-2022', NULL, NULL, '2021-12-08 16:31:27'),
(2186, 1002, '2ndQuarter', '2021-2022', NULL, NULL, '2021-12-08 16:31:27'),
(2187, 1002, '3rdQuarter', '2021-2022', NULL, NULL, '2021-12-08 16:31:27'),
(2188, 1002, '4thQuarter', '2021-2022', NULL, NULL, '2021-12-08 16:31:27'),
(2189, 1003, '1stQuarter', '2021-2022', NULL, NULL, '2021-12-08 16:31:27'),
(2190, 1003, '2ndQuarter', '2021-2022', NULL, NULL, '2021-12-08 16:31:27'),
(2191, 1003, '3rdQuarter', '2021-2022', NULL, NULL, '2021-12-08 16:31:27'),
(2192, 1003, '4thQuarter', '2021-2022', NULL, NULL, '2021-12-08 16:31:27'),
(2193, 1004, '1stQuarter', '2021-2022', NULL, NULL, '2021-12-08 16:31:27'),
(2194, 1004, '2ndQuarter', '2021-2022', NULL, NULL, '2021-12-08 16:31:27'),
(2195, 1004, '3rdQuarter', '2021-2022', NULL, NULL, '2021-12-08 16:31:27'),
(2196, 1004, '4thQuarter', '2021-2022', NULL, NULL, '2021-12-08 16:31:27'),
(2197, 1005, '1stQuarter', '2023-2024', 80, '', '2022-04-27 14:39:21'),
(2198, 1005, '2ndQuarter', '2023-2024', NULL, NULL, '2022-04-27 14:39:21'),
(2199, 1005, '3rdQuarter', '2023-2024', NULL, NULL, '2022-04-27 14:39:21'),
(2200, 1005, '4thQuarter', '2023-2024', NULL, NULL, '2022-04-27 14:39:21'),
(2201, 1006, '1stQuarter', '2023-2024', NULL, NULL, '2022-04-27 14:39:21'),
(2202, 1006, '2ndQuarter', '2023-2024', NULL, NULL, '2022-04-27 14:39:21'),
(2203, 1006, '3rdQuarter', '2023-2024', NULL, NULL, '2022-04-27 14:39:21'),
(2204, 1006, '4thQuarter', '2023-2024', NULL, NULL, '2022-04-27 14:39:21'),
(2205, 1007, '1stQuarter', '2023-2024', NULL, NULL, '2022-04-27 14:39:21'),
(2206, 1007, '2ndQuarter', '2023-2024', NULL, NULL, '2022-04-27 14:39:21'),
(2207, 1007, '3rdQuarter', '2023-2024', NULL, NULL, '2022-04-27 14:39:21'),
(2208, 1007, '4thQuarter', '2023-2024', NULL, NULL, '2022-04-27 14:39:21'),
(2209, 1008, '1stQuarter', '2023-2024', NULL, NULL, '2022-04-27 14:39:21'),
(2210, 1008, '2ndQuarter', '2023-2024', NULL, NULL, '2022-04-27 14:39:21'),
(2211, 1008, '3rdQuarter', '2023-2024', NULL, NULL, '2022-04-27 14:39:21'),
(2212, 1008, '4thQuarter', '2023-2024', NULL, NULL, '2022-04-27 14:39:21'),
(2213, 1009, '1stQuarter', '2023-2024', NULL, NULL, '2022-04-27 14:39:21'),
(2214, 1009, '2ndQuarter', '2023-2024', NULL, NULL, '2022-04-27 14:39:21'),
(2215, 1009, '3rdQuarter', '2023-2024', NULL, NULL, '2022-04-27 14:39:21'),
(2216, 1009, '4thQuarter', '2023-2024', NULL, NULL, '2022-04-27 14:39:21'),
(2217, 1010, '1stQuarter', '2023-2024', NULL, NULL, '2022-04-27 14:39:21'),
(2218, 1010, '2ndQuarter', '2023-2024', NULL, NULL, '2022-04-27 14:39:21'),
(2219, 1010, '3rdQuarter', '2023-2024', NULL, NULL, '2022-04-27 14:39:21'),
(2220, 1010, '4thQuarter', '2023-2024', NULL, NULL, '2022-04-27 14:39:21'),
(2221, 1011, '1stQuarter', '2023-2024', NULL, NULL, '2022-04-27 14:39:21'),
(2222, 1011, '2ndQuarter', '2023-2024', NULL, NULL, '2022-04-27 14:39:21'),
(2223, 1011, '3rdQuarter', '2023-2024', NULL, NULL, '2022-04-27 14:39:21'),
(2224, 1011, '4thQuarter', '2023-2024', NULL, NULL, '2022-04-27 14:39:21'),
(2225, 1012, '1stQuarter', '2023-2024', NULL, NULL, '2022-04-27 14:39:21'),
(2226, 1012, '2ndQuarter', '2023-2024', NULL, NULL, '2022-04-27 14:39:21'),
(2227, 1012, '3rdQuarter', '2023-2024', NULL, NULL, '2022-04-27 14:39:21'),
(2228, 1012, '4thQuarter', '2023-2024', NULL, NULL, '2022-04-27 14:39:21'),
(2229, 1013, '1stQuarter', '2023-2024', NULL, NULL, '2022-04-27 14:39:21'),
(2230, 1013, '2ndQuarter', '2023-2024', NULL, NULL, '2022-04-27 14:39:21'),
(2231, 1013, '3rdQuarter', '2023-2024', NULL, NULL, '2022-04-27 14:39:21'),
(2232, 1013, '4thQuarter', '2023-2024', NULL, NULL, '2022-04-27 14:39:21'),
(2233, 1014, '1stQuarter', '2021-2022', NULL, NULL, '2022-04-29 02:22:24'),
(2234, 1014, '2ndQuarter', '2021-2022', NULL, NULL, '2022-04-29 02:22:24'),
(2235, 1014, '3rdQuarter', '2021-2022', NULL, NULL, '2022-04-29 02:22:24'),
(2236, 1014, '4thQuarter', '2021-2022', NULL, NULL, '2022-04-29 02:22:24'),
(2237, 1015, '1stQuarter', '2021-2022', NULL, NULL, '2022-04-29 02:22:24'),
(2238, 1015, '2ndQuarter', '2021-2022', NULL, NULL, '2022-04-29 02:22:24'),
(2239, 1015, '3rdQuarter', '2021-2022', NULL, NULL, '2022-04-29 02:22:24'),
(2240, 1015, '4thQuarter', '2021-2022', NULL, NULL, '2022-04-29 02:22:24'),
(2241, 1016, '1stQuarter', '2021-2022', NULL, NULL, '2022-04-29 02:22:24'),
(2242, 1016, '2ndQuarter', '2021-2022', NULL, NULL, '2022-04-29 02:22:24'),
(2243, 1016, '3rdQuarter', '2021-2022', NULL, NULL, '2022-04-29 02:22:24'),
(2244, 1016, '4thQuarter', '2021-2022', NULL, NULL, '2022-04-29 02:22:24'),
(2245, 1017, '1stQuarter', '2021-2022', NULL, NULL, '2022-04-29 02:22:24'),
(2246, 1017, '2ndQuarter', '2021-2022', NULL, NULL, '2022-04-29 02:22:24'),
(2247, 1017, '3rdQuarter', '2021-2022', NULL, NULL, '2022-04-29 02:22:24'),
(2248, 1017, '4thQuarter', '2021-2022', NULL, NULL, '2022-04-29 02:22:24'),
(2249, 1018, '1stQuarter', '2021-2022', NULL, NULL, '2022-04-29 02:22:24'),
(2250, 1018, '2ndQuarter', '2021-2022', NULL, NULL, '2022-04-29 02:22:24'),
(2251, 1018, '3rdQuarter', '2021-2022', NULL, NULL, '2022-04-29 02:22:24'),
(2252, 1018, '4thQuarter', '2021-2022', NULL, NULL, '2022-04-29 02:22:24'),
(2253, 1019, '1stQuarter', '2021-2022', NULL, NULL, '2022-04-29 02:22:24'),
(2254, 1019, '2ndQuarter', '2021-2022', NULL, NULL, '2022-04-29 02:22:24'),
(2255, 1019, '3rdQuarter', '2021-2022', NULL, NULL, '2022-04-29 02:22:24'),
(2256, 1019, '4thQuarter', '2021-2022', NULL, NULL, '2022-04-29 02:22:24'),
(2257, 1020, '1stQuarter', '2021-2022', NULL, NULL, '2022-04-29 02:22:24'),
(2258, 1020, '2ndQuarter', '2021-2022', NULL, NULL, '2022-04-29 02:22:24'),
(2259, 1020, '3rdQuarter', '2021-2022', NULL, NULL, '2022-04-29 02:22:24'),
(2260, 1020, '4thQuarter', '2021-2022', NULL, NULL, '2022-04-29 02:22:24'),
(2261, 1021, '1stQuarter', '2021-2022', NULL, NULL, '2022-04-29 02:22:24'),
(2262, 1021, '2ndQuarter', '2021-2022', NULL, NULL, '2022-04-29 02:22:24'),
(2263, 1021, '3rdQuarter', '2021-2022', NULL, NULL, '2022-04-29 02:22:24'),
(2264, 1021, '4thQuarter', '2021-2022', NULL, NULL, '2022-04-29 02:22:24'),
(2265, 1022, '1stQuarter', '2021-2022', NULL, NULL, '2022-04-29 02:22:24'),
(2266, 1022, '2ndQuarter', '2021-2022', NULL, NULL, '2022-04-29 02:22:24'),
(2267, 1022, '3rdQuarter', '2021-2022', NULL, NULL, '2022-04-29 02:22:24'),
(2268, 1022, '4thQuarter', '2021-2022', NULL, NULL, '2022-04-29 02:22:24');

-- --------------------------------------------------------

--
-- Table structure for table `tblgradelevel`
--

CREATE TABLE `tblgradelevel` (
  `gradelevelid` int(50) NOT NULL,
  `gradeleveldesc` varchar(255) NOT NULL
) ENGINE=InnoDB DEFAULT CHARSET=utf8mb4;

--
-- Dumping data for table `tblgradelevel`
--

INSERT INTO `tblgradelevel` (`gradelevelid`, `gradeleveldesc`) VALUES
(1, '7'),
(2, '8'),
(3, '9'),
(4, '10'),
(13, '11'),
(14, '12');

-- --------------------------------------------------------

--
-- Table structure for table `tblgradesection`
--

CREATE TABLE `tblgradesection` (
  `gradesectionid` int(50) NOT NULL,
  `gradedesc` varchar(255) NOT NULL,
  `sectiondesc` varchar(255) NOT NULL,
  `department` varchar(255) NOT NULL,
  `departmentdesc` varchar(255) NOT NULL,
  `educationlevel` varchar(255) NOT NULL
) ENGINE=InnoDB DEFAULT CHARSET=utf8mb4;

--
-- Dumping data for table `tblgradesection`
--

INSERT INTO `tblgradesection` (`gradesectionid`, `gradedesc`, `sectiondesc`, `department`, `departmentdesc`, `educationlevel`) VALUES
(4, '7', 'Rosal', 'JHS', 'Junior High School', 'Secondary'),
(5, '8', 'Humility', 'JHS', 'Junior High School', 'Secondary'),
(7, '7', 'Ilang-Ilang', 'JHS', 'Junior High School', 'Secondary'),
(9, '8', 'Courtesy', 'JHS', 'Junior High School', 'Secondary'),
(10, '9', 'Daphne', 'JHS', 'Junior High School', 'Secondary'),
(11, '9', 'Aphrodite', 'JHS', 'Junior High School', 'Secondary'),
(12, '10', 'Ruby', 'JHS', 'Junior High School', 'Secondary'),
(16, '7', 'Dahlia', 'JHS', 'Junior High School', 'Secondary'),
(17, '7', 'Camia', 'JHS', 'Junior High School', 'Secondary'),
(18, '7', 'Lirio', 'JHS', 'Junior High School', 'Secondary'),
(19, '7', 'Sampaguita', 'JHS', 'Junior High School', 'Secondary'),
(20, '7', 'Gladiola', 'JHS', 'Junior High School', 'Secondary'),
(21, '10', 'Diamond', 'JHS', 'Junior High School', 'Secondary'),
(22, '10', 'Sapphire', 'JHS', 'Junior High School', 'Secondary'),
(23, '10', 'Jade', 'JHS', 'Junior High School', 'Secondary'),
(24, '10', 'Pearl', 'JHS', 'Junior High School', 'Secondary'),
(25, '10', 'Emerald', 'JHS', 'Junior High School', 'Secondary'),
(26, '10', 'Garnet', 'JHS', 'Junior High School', 'Secondary'),
(27, '10', 'Topaz', 'JHS', 'Junior High School', 'Secondary');

-- --------------------------------------------------------

--
-- Table structure for table `tblgradingperiod`
--

CREATE TABLE `tblgradingperiod` (
  `id` int(11) NOT NULL,
  `gradingperiod` varchar(255) NOT NULL,
  `department` varchar(255) NOT NULL
) ENGINE=InnoDB DEFAULT CHARSET=utf8mb4;

--
-- Dumping data for table `tblgradingperiod`
--

INSERT INTO `tblgradingperiod` (`id`, `gradingperiod`, `department`) VALUES
(3, '1stQuarter', 'Junior High School'),
(5, '2ndQuarter', 'Junior High School'),
(6, '3rdQuarter', 'Junior High School'),
(7, '4thQuarter', 'Junior High School');

-- --------------------------------------------------------

--
-- Table structure for table `tblparent`
--

CREATE TABLE `tblparent` (
  `username` varchar(100) NOT NULL,
  `password` varchar(100) NOT NULL,
  `firstname` varchar(20) DEFAULT NULL,
  `lastname` varchar(20) DEFAULT NULL,
  `middlename` varchar(20) DEFAULT NULL,
  `email` varchar(100) DEFAULT NULL,
  `birthdate` date DEFAULT NULL,
  `datecreated` timestamp NOT NULL DEFAULT current_timestamp(),
  `contactno` varchar(50) NOT NULL,
  `address` varchar(255) NOT NULL
) ENGINE=InnoDB DEFAULT CHARSET=utf8mb4;

--
-- Dumping data for table `tblparent`
--

INSERT INTO `tblparent` (`username`, `password`, `firstname`, `lastname`, `middlename`, `email`, `birthdate`, `datecreated`, `contactno`, `address`) VALUES
('P-0001', 'c39cbd7074bc3b77f5473e1aa5270649', 'Pedro', 'De Ramos', 'Panganiban', 'pedropanganiban@gmail.com', '1975-12-07', '2021-11-27 11:40:38', '0913245678', 'Purok1 Brgy Malabanban Sur Candelaria Quezon'),
('P-0002', 'd48ebe41adbfa9e0538c477573168c44', 'Elon', 'Musk', 'Tesla', '', '0000-00-00', '2022-04-27 14:41:54', '', ''),
('P-0003', '7914c925d16798dad1fa7a00b576d9e9', 'Mark', 'Lang', 'Tahimik ', '', '0000-00-00', '2022-04-29 02:25:05', '', '');

-- --------------------------------------------------------

--
-- Table structure for table `tblparentdetail`
--

CREATE TABLE `tblparentdetail` (
  `id` int(11) NOT NULL,
  `username` varchar(255) NOT NULL,
  `studentid` varchar(255) NOT NULL,
  `datecreated` timestamp NOT NULL DEFAULT current_timestamp()
) ENGINE=InnoDB DEFAULT CHARSET=utf8mb4;

--
-- Dumping data for table `tblparentdetail`
--

INSERT INTO `tblparentdetail` (`id`, `username`, `studentid`, `datecreated`) VALUES
(15, 'P-0001', 'S18-0002', '2022-03-28 17:37:02'),
(16, 'P-0002', 'S18-0001', '2022-04-27 14:42:31'),
(17, 'P-0002', 'S18-0002', '2022-04-27 14:46:55'),
(18, 'P-0003', 'S22-0001', '2022-04-29 02:25:50');

-- --------------------------------------------------------

--
-- Table structure for table `tblschoolyear`
--

CREATE TABLE `tblschoolyear` (
  `syid` int(50) NOT NULL,
  `sydesc` varchar(50) NOT NULL,
  `curriculumdesc` varchar(255) NOT NULL,
  `sy` varchar(255) NOT NULL
) ENGINE=InnoDB DEFAULT CHARSET=utf8mb4;

--
-- Dumping data for table `tblschoolyear`
--

INSERT INTO `tblschoolyear` (`syid`, `sydesc`, `curriculumdesc`, `sy`) VALUES
(18, '2012-2013', 'K-12 Curriculum	', '2012'),
(19, '2013-2014', 'K-12 Curriculum	', '2013'),
(20, '2014-2015', 'K-12 Curriculum', '2014'),
(21, '2015-2016', 'K-12 Curriculum', '2015'),
(22, '2016-2017', 'K-12 Curriculum', '2016'),
(23, '2017-2018', 'K-12 Curriculum', '2017'),
(24, '2018-2019', 'K-12 Curriculum', '2018'),
(25, '2019-2020', 'K-12 Curriculum', '2019'),
(26, '2020-2021', 'K-12 Curriculum', '2020'),
(33, '2011-2012', 'Basic Education Curriculum	', '2011'),
(34, '2010-2011', 'Basic Education Curriculum	', '2010'),
(35, '2021-2022', 'K-12 Curriculum', '2021'),
(36, '2022-2023', 'K-12 Curriculum', '2022'),
(39, '2023-2024', 'K-12 Curriculum', '2023');

-- --------------------------------------------------------

--
-- Table structure for table `tblsectionloadteacher`
--

CREATE TABLE `tblsectionloadteacher` (
  `id` int(11) NOT NULL,
  `facultyid` varchar(50) NOT NULL,
  `subject` varchar(255) NOT NULL,
  `subjectdesc` varchar(255) NOT NULL,
  `schoolyear` varchar(255) NOT NULL,
  `level` varchar(255) NOT NULL,
  `gradesection` varchar(255) NOT NULL
) ENGINE=InnoDB DEFAULT CHARSET=utf8mb4;

--
-- Dumping data for table `tblsectionloadteacher`
--

INSERT INTO `tblsectionloadteacher` (`id`, `facultyid`, `subject`, `subjectdesc`, `schoolyear`, `level`, `gradesection`) VALUES
(46, 'F-0001', 'AP-7', 'Araling Panlipunan 7', '2018-2019', '7', '7-Lirio'),
(47, 'F-0001', 'AP-7', 'Araling Panlipunan 7', '2018-2019', '7', '7-Sampaguita'),
(48, 'F-0001', 'AP-7', 'Araling Panlipunan 7', '2019-2020', '7', '7-Lirio'),
(49, 'F-0001', 'AP-7', 'Araling Panlipunan 7', '2018-2019', '7', '7-Rosal'),
(50, 'F-0001', 'AP-7', 'Araling Panlipunan 7', '2018-2019', '7', '7-Ilang-Ilang'),
(51, 'F-0001', 'AP-7', 'Araling Panlipunan 7', '2018-2019', '7', '7-Dahlia'),
(52, 'F-0001', 'AP-7', 'Araling Panlipunan 7', '2018-2019', '7', '7-Camia'),
(53, 'F-0001', 'AP-7', 'Araling Panlipunan 7', '2018-2019', '7', '7-Gladiola'),
(54, 'F-0002', 'ENG-7', 'English 7', '2018-2019', '7', '7-Lirio'),
(55, 'F-0003', 'FIL-7', 'Filipino 7', '2018-2019', '7', '7-Lirio'),
(56, 'F-0006', 'EsP-7', 'Edukasyon sa Pagpapakatao 7', '2018-2019', '7', '7-Lirio'),
(57, 'F-0001', 'AP-7', 'Araling Panlipunan 7', '2021-2022', '7', '7-Lirio'),
(58, 'F-0002', 'ENG-7', 'English 7', '2021-2022', '7', '7-Lirio'),
(59, 'F-0003', 'FIL-7', 'Filipino 7', '2021-2022', '7', '7-Lirio'),
(60, 'F-0006', 'COM-7', 'Computer 7', '2021-2022', '7', '7-Lirio'),
(61, 'F-0007', 'AP-7', 'Araling Panlipunan 7', '2023-2024', '7', '7-Lirio');

-- --------------------------------------------------------

--
-- Table structure for table `tblsecurity`
--

CREATE TABLE `tblsecurity` (
  `id` int(11) NOT NULL,
  `accesscode` varchar(255) NOT NULL
) ENGINE=InnoDB DEFAULT CHARSET=utf8mb4;

--
-- Dumping data for table `tblsecurity`
--

INSERT INTO `tblsecurity` (`id`, `accesscode`) VALUES
(1, 'enverga1992'),
(2, 'stephjiolo2021');

-- --------------------------------------------------------

--
-- Table structure for table `tblstudents`
--

CREATE TABLE `tblstudents` (
  `studentid` varchar(20) NOT NULL,
  `password` varchar(100) NOT NULL,
  `firstname` varchar(255) DEFAULT NULL,
  `lastname` varchar(255) DEFAULT NULL,
  `middlename` varchar(255) DEFAULT NULL,
  `lrn` varchar(100) DEFAULT NULL,
  `gender` varchar(100) DEFAULT NULL,
  `birthdate` date DEFAULT NULL,
  `birthplace` varchar(255) DEFAULT NULL,
  `religion` varchar(255) DEFAULT NULL,
  `contact` varchar(255) DEFAULT NULL,
  `email` varchar(255) DEFAULT NULL,
  `civilstatus` varchar(255) DEFAULT NULL,
  `nationality` varchar(255) DEFAULT NULL,
  `address` varchar(255) DEFAULT NULL,
  `datecreated` timestamp NOT NULL DEFAULT current_timestamp()
) ENGINE=InnoDB DEFAULT CHARSET=utf8mb4;

--
-- Dumping data for table `tblstudents`
--

INSERT INTO `tblstudents` (`studentid`, `password`, `firstname`, `lastname`, `middlename`, `lrn`, `gender`, `birthdate`, `birthplace`, `religion`, `contact`, `email`, `civilstatus`, `nationality`, `address`, `datecreated`) VALUES
('S18-0001', 'bf4119307ef960ca1b7890aa4c065fd4', 'John Jill', 'Dalisay', 'Mercado', '454477744444212312', 'Male', '2000-03-30', '', '', '', '', 'Single', '', '', '2022-04-27 14:37:41'),
('S18-0002', '8a67d1698852da9f8192f07dfea40d3a', 'DJ', 'Zubiri', 'Ilagan', '7897978978', 'Male', '2006-12-01', 'Candelaria', 'Roman Catholic', '097878787', 'jiolomilesngo001@gmail.com', 'Single', 'Filipino', 'Purok1 Malabanban Sur', '2021-12-08 10:55:15'),
('S18-0003', '9b4de295a8eb9dcbabb15c02fd892283', 'Terence Miguel', 'Aro', 'Ramos', '402730150114', 'Male', '2006-12-09', 'Candelaria', '', '', '', 'Single', '', 'Purok1 Malabanban Sur', '2021-12-08 10:55:08'),
('S18-0004', '08bced5e95fead440fcd6ea3ced699bd', 'Mark Gabriel', 'Bea', 'Percia', '456456456', 'Male', '2006-12-09', 'Lucena City', '', '', '', 'Single', '', 'Purok1 Malabanban Sur', '2021-12-08 10:55:01'),
('S18-0005', '5859df90f4dc77434ad5ac82d6e6078f', 'Richard Russel', 'Borras', 'Cuadro', '23423423423', 'Male', '2006-12-09', 'Candelaria', '', '', '', 'Single', '', '', '2021-12-08 10:54:56'),
('S19-0002', '87e2446b0d361d3273881cf049129f67', 'Jessa Mikhaela', 'Capalad', 'Marasigan', '721391471', 'Female', '2006-12-24', '', '', '', '', 'Single', '', '', '2021-12-08 10:54:02'),
('S19-0003', 'faebb03f5b18e67c2331de4469816d9f', 'Thamika Ayesha', 'Auditor', 'Bautista', '4545645645', 'Female', '2006-12-10', '', '', '', '', 'Single', '', 'Purok1 Malabanban Sur', '2021-12-08 10:54:09'),
('S19-0004', '2557f9f870026bea195c8050c69861cb', 'Ainsley Tiffany', 'Alcantara', 'Facundo', '23123121', 'Male', '2006-12-09', '', '', '', '', 'Single', '', '', '2021-12-08 10:54:16'),
('S19-0005', 'a817f5d7694f861561c1647f7935f18f', 'Rance Harvey', 'Cuadro', 'Baon', '23123121', 'Male', '2006-12-02', 'Candelaria', '', '', '', 'Single', '', 'Purok1 Malabanban Sur', '2021-12-08 10:54:26'),
('S20-0002', '8d8861d6dafc20fa03f71101ef8f402f', 'Sanday Eunice', 'Capio', 'Amarillo', '12312312312', 'Female', '2006-12-17', '', '', '', '', 'Single', '', '', '2021-12-08 10:53:48'),
('S20-0003', 'd8689316ed1ee5a1457bde2dccaf8c47', 'Phieona Marie', 'Cuello', 'Sanggalang', '1231231231231231', 'Female', '2006-12-02', '', '', '', '', 'Single', '', '', '2021-12-08 10:53:42'),
('S20-0004', '7acf1c4ccf529aec30977153e33bb52a', 'Jann Francee', 'Dimayacyac', 'Dilikado', '212312312312', 'Female', '2006-12-04', '', '', '', '', 'Single', '', '', '2021-12-08 10:53:35'),
('S20-0005', '202f215711f05100e4b0251073d893cb', 'Kim Alexa', 'Escamillas', 'Hernandez', '1231231231231', 'Female', '2006-12-03', '', '', '', '', 'Single', '', '', '2021-12-08 10:53:26'),
('S21-0002', 'a0c518862e4ffde0a1320addc95cacbc', 'Aceley', 'Larguartilla', 'Cueto', '123423423423423', 'Female', '2021-12-25', '', '', '', '', 'Single', '', '', '2021-12-08 10:51:51'),
('S21-0003', '78191761217890401f1144e48c3960a5', 'Samantha Jerwinne', 'Jusay', 'Nadres', '12312312', 'Male', '2006-12-09', '', '', '', '', 'Single', '', '', '2021-12-08 10:51:59'),
('S21-0004', '3eedbae50b5be8a8180055b5ae4c80b1', 'Aliyah Sheen', 'Javier', 'Dili', '123123123123123', 'Female', '2006-12-10', '', '', '', '', 'Single', '', '', '2021-12-08 10:52:07'),
('S21-0005', 'f9c289e09e57d9ccd6be1a14de500182', 'Hillary Eve', 'Evangelista', 'Mcgregor', '23123123123121', 'Female', '2006-12-16', '', '', '', '', 'Single', '', '', '2021-12-08 10:52:25'),
('S22-0001', 'be968999d1bce275e2d1e308147a2e0d', 'Brian', 'Casapao', 'Gwapo', '13215464654123123', 'Male', '2000-03-31', '', '', '', '', 'Single', '', '', '2022-04-29 02:21:05');

-- --------------------------------------------------------

--
-- Table structure for table `tblstudentsdetail`
--

CREATE TABLE `tblstudentsdetail` (
  `id` int(11) NOT NULL,
  `studentid` varchar(50) NOT NULL,
  `gradesection` varchar(255) NOT NULL,
  `schoolyear` varchar(255) NOT NULL,
  `dateenroll` timestamp NOT NULL DEFAULT current_timestamp(),
  `gradelevel` int(50) NOT NULL
) ENGINE=InnoDB DEFAULT CHARSET=utf8mb4;

--
-- Dumping data for table `tblstudentsdetail`
--

INSERT INTO `tblstudentsdetail` (`id`, `studentid`, `gradesection`, `schoolyear`, `dateenroll`, `gradelevel`) VALUES
(119, 'S18-0002', '7-Lirio', '2018-2019', '2021-12-08 13:54:08', 7),
(120, 'S18-0003', '7-Lirio', '2018-2019', '2021-12-08 14:03:23', 7),
(121, 'S18-0004', '7-Lirio', '2018-2019', '2021-12-08 14:03:49', 7),
(122, 'S18-0005', '7-Lirio', '2018-2019', '2021-12-08 14:57:00', 7),
(125, 'S18-0002', '8-Humility', '2019-2020', '2021-12-08 15:02:04', 8),
(126, 'S18-0002', '9-Daphne', '2020-2021', '2021-12-08 15:02:18', 9),
(127, 'S18-0002', '10-Emerald', '2021-2022', '2021-12-08 15:02:33', 10),
(128, 'S18-0003', '8-Humility', '2019-2020', '2021-12-08 15:02:59', 8),
(129, 'S18-0003', '9-Daphne', '2020-2021', '2021-12-08 15:03:08', 9),
(130, 'S18-0003', '10-Emerald', '2021-2022', '2021-12-08 15:03:16', 10),
(131, 'S18-0004', '8-Humility', '2019-2020', '2021-12-08 15:03:32', 8),
(132, 'S18-0004', '9-Daphne', '2020-2021', '2021-12-08 15:03:42', 9),
(133, 'S18-0004', '10-Emerald', '2021-2022', '2021-12-08 15:03:55', 10),
(134, 'S18-0005', '8-Humility', '2019-2020', '2021-12-08 15:04:14', 8),
(135, 'S18-0005', '9-Daphne', '2020-2021', '2021-12-08 15:04:23', 9),
(136, 'S18-0005', '10-Emerald', '2021-2022', '2021-12-08 15:04:30', 10),
(138, 'S19-0005', '7-Lirio', '2019-2020', '2021-12-08 15:05:23', 7),
(139, 'S19-0005', '8-Humility', '2020-2021', '2021-12-08 15:05:31', 8),
(140, 'S19-0005', '9-Daphne', '2021-2022', '2021-12-08 15:05:39', 9),
(141, 'S19-0004', '7-Lirio', '2019-2020', '2021-12-08 15:06:09', 7),
(142, 'S19-0004', '8-Humility', '2020-2021', '2021-12-08 15:06:20', 8),
(143, 'S19-0004', '9-Daphne', '2021-2022', '2021-12-08 15:06:26', 9),
(144, 'S19-0003', '7-Lirio', '2019-2020', '2021-12-08 15:06:43', 7),
(145, 'S19-0003', '8-Humility', '2020-2021', '2021-12-08 15:06:50', 8),
(146, 'S19-0003', '9-Daphne', '2021-2022', '2021-12-08 15:06:56', 9),
(147, 'S19-0002', '7-Lirio', '2019-2020', '2021-12-08 15:07:11', 7),
(150, 'S20-0002', '7-Lirio', '2020-2021', '2021-12-08 15:08:04', 7),
(151, 'S20-0002', '8-Humility', '2021-2022', '2021-12-08 15:08:10', 8),
(152, 'S20-0003', '7-Lirio', '2020-2021', '2021-12-08 15:08:36', 7),
(153, 'S20-0003', '8-Humility', '2021-2022', '2021-12-08 15:08:45', 8),
(154, 'S20-0004', '7-Lirio', '2020-2021', '2021-12-08 15:09:02', 7),
(155, 'S20-0004', '8-Humility', '2021-2022', '2021-12-08 15:09:09', 8),
(156, 'S20-0005', '7-Lirio', '2020-2021', '2021-12-08 15:10:07', 7),
(157, 'S20-0005', '8-Humility', '2021-2022', '2021-12-08 15:10:13', 8),
(158, 'S21-0005', '7-Lirio', '2021-2022', '2021-12-08 15:10:43', 7),
(160, 'S21-0004', '7-Lirio', '2021-2022', '2021-12-08 15:11:56', 7),
(161, 'S21-0003', '7-Lirio', '2021-2022', '2021-12-08 15:12:11', 7),
(162, 'S21-0002', '7-Lirio', '2021-2022', '2021-12-08 15:12:31', 7),
(165, 'S19-0002', '9-Daphne', '2021-2022', '2021-12-08 16:27:12', 9),
(166, 'S19-0002', '8-Humility', '2020-2021', '2021-12-08 16:27:34', 8),
(167, 'S18-0006', '10-Emerald', '2021-2022', '2022-03-28 17:21:38', 10),
(168, 'S18-0001', '7-Lirio', '2023-2024', '2022-04-27 14:39:03', 7),
(169, 'S22-0001', '7-Lirio', '2021-2022', '2022-04-29 02:22:03', 7),
(170, 'S22-0001', '8-Humility', '2022-2023', '2022-04-29 02:22:11', 8);

-- --------------------------------------------------------

--
-- Table structure for table `tblsubject`
--

CREATE TABLE `tblsubject` (
  `subject` varchar(255) NOT NULL,
  `subjectid` int(50) NOT NULL,
  `subjectdesc` varchar(255) NOT NULL,
  `subjectgradelevel` int(50) NOT NULL
) ENGINE=InnoDB DEFAULT CHARSET=utf8mb4;

--
-- Dumping data for table `tblsubject`
--

INSERT INTO `tblsubject` (`subject`, `subjectid`, `subjectdesc`, `subjectgradelevel`) VALUES
('AP-7', 4, 'Araling Panlipunan 7', 7),
('ENG-7', 6, 'English 7', 7),
('FIL-7', 7, 'Filipino 7', 7),
('MATH-7', 8, 'Mathematics 7', 7),
('SCI-7', 9, 'Science 7', 7),
('EsP-7', 10, 'Edukasyon sa Pagpapakatao 7', 7),
('TLE-7', 11, 'Technology and Livelihood Education 7', 7),
('COM-7', 18, 'Computer 7', 7),
('FIL8', 26, 'Filipino 8', 8),
('AP-8', 27, 'Araling Panlipunan 8', 8),
('ENG-8', 28, 'English 8', 8),
('MATH-8', 29, 'Mathematics 8', 8),
('SCI-8', 30, 'Science 8', 8),
('EsP-8', 31, 'Edukasyon sa Pagpapakatao 8', 8),
('TLE-8', 32, 'Technology and Livelihood Education 8', 8),
('COM-8', 37, 'Computer 8', 8),
('COM-9', 38, 'Computer 9', 9),
('AP-9', 41, 'Araling Panlipunan 9', 9),
('ENG-9', 42, 'English 9', 9),
('FIL-9', 43, 'Filipino 9', 9),
('MATH-9', 44, 'Mathematics 9', 9),
('SCI-9', 45, 'Science 9', 9),
('EsP-9', 46, 'Edukasyon sa Pagpapakatao 9', 9),
('TLE-9', 47, 'Technology and Livelihood Education 9', 9),
('MAPEH-7', 53, 'MAPEH 7', 7),
('AP-10', 54, 'Araling Panlipunan 10', 10),
('ENG-10', 55, 'English  10', 10),
('FIL-10', 56, 'Filipino  10', 10),
('MATH-10', 57, 'Mathematics 10', 10),
('SCI-10', 58, 'Science 10', 10),
('EsP-10', 59, 'Edukasyon sa Pagpapakatao  10', 10),
('TLE-10', 60, 'Technology and Livelihood Education  10', 10),
('COM-10', 61, 'Computer 10', 10),
('MAPEH-10', 62, 'MAPEH 10', 10);

-- --------------------------------------------------------

--
-- Table structure for table `tblsubjloadstudent`
--

CREATE TABLE `tblsubjloadstudent` (
  `id` int(11) NOT NULL,
  `studentid` varchar(255) NOT NULL,
  `subject` varchar(255) NOT NULL,
  `subjectdesc` varchar(255) NOT NULL,
  `subjectgradelevel` varchar(255) NOT NULL,
  `gradesection` varchar(255) NOT NULL,
  `schoolyear` varchar(255) NOT NULL
) ENGINE=InnoDB DEFAULT CHARSET=utf8mb4;

--
-- Dumping data for table `tblsubjloadstudent`
--

INSERT INTO `tblsubjloadstudent` (`id`, `studentid`, `subject`, `subjectdesc`, `subjectgradelevel`, `gradesection`, `schoolyear`) VALUES
(284, 'S18-0003', 'FIL8', 'Filipino 8', '8', '8-Humility', '2019-2020'),
(285, 'S18-0003', 'AP-8', 'Araling Panlipunan 8', '8', '8-Humility', '2019-2020'),
(286, 'S18-0003', 'ENG-8', 'English 8', '8', '8-Humility', '2019-2020'),
(287, 'S18-0003', 'MATH-8', 'Mathematics 8', '8', '8-Humility', '2019-2020'),
(288, 'S18-0003', 'SCI-8', 'Science 8', '8', '8-Humility', '2019-2020'),
(289, 'S18-0003', 'EsP-8', 'Edukasyon sa Pagpapakatao 8', '8', '8-Humility', '2019-2020'),
(290, 'S18-0003', 'TLE-8', 'Technology and Livelihood Education 8', '8', '8-Humility', '2019-2020'),
(291, 'S18-0003', 'COM-8', 'Computer 8', '8', '8-Humility', '2019-2020'),
(558, 'S18-0002', 'AP-10', 'Araling Panlipunan 10', '10', '10-Emerald', '2021-2022'),
(559, 'S18-0002', 'ENG-10', 'English  10', '10', '10-Emerald', '2021-2022'),
(560, 'S18-0002', 'FIL-10', 'Filipino  10', '10', '10-Emerald', '2021-2022'),
(561, 'S18-0002', 'MATH-10', 'Mathematics 10', '10', '10-Emerald', '2021-2022'),
(562, 'S18-0002', 'SCI-10', 'Science 10', '10', '10-Emerald', '2021-2022'),
(563, 'S18-0002', 'EsP-10', 'Edukasyon sa Pagpapakatao  10', '10', '10-Emerald', '2021-2022'),
(564, 'S18-0002', 'TLE-10', 'Technology and Livelihood Education  10', '10', '10-Emerald', '2021-2022'),
(565, 'S18-0002', 'COM-10', 'Computer 10', '10', '10-Emerald', '2021-2022'),
(566, 'S18-0002', 'MAPEH-10', 'MAPEH 10', '10', '10-Emerald', '2021-2022'),
(567, 'S18-0002', 'COM-9', 'Computer 9', '9', '9-Daphne', '2020-2021'),
(568, 'S18-0002', 'AP-9', 'Araling Panlipunan 9', '9', '9-Daphne', '2020-2021'),
(569, 'S18-0002', 'ENG-9', 'English 9', '9', '9-Daphne', '2020-2021'),
(570, 'S18-0002', 'FIL-9', 'Filipino 9', '9', '9-Daphne', '2020-2021'),
(571, 'S18-0002', 'MATH-9', 'Mathematics 9', '9', '9-Daphne', '2020-2021'),
(572, 'S18-0002', 'SCI-9', 'Science 9', '9', '9-Daphne', '2020-2021'),
(573, 'S18-0002', 'EsP-9', 'Edukasyon sa Pagpapakatao 9', '9', '9-Daphne', '2020-2021'),
(574, 'S18-0002', 'TLE-9', 'Technology and Livelihood Education 9', '9', '9-Daphne', '2020-2021'),
(575, 'S20-0002', 'FIL8', 'Filipino 8', '8', '8-Humility', '2021-2022'),
(576, 'S20-0002', 'AP-8', 'Araling Panlipunan 8', '8', '8-Humility', '2021-2022'),
(577, 'S20-0002', 'ENG-8', 'English 8', '8', '8-Humility', '2021-2022'),
(578, 'S20-0002', 'MATH-8', 'Mathematics 8', '8', '8-Humility', '2021-2022'),
(579, 'S20-0002', 'SCI-8', 'Science 8', '8', '8-Humility', '2021-2022'),
(580, 'S20-0002', 'EsP-8', 'Edukasyon sa Pagpapakatao 8', '8', '8-Humility', '2021-2022'),
(581, 'S20-0002', 'TLE-8', 'Technology and Livelihood Education 8', '8', '8-Humility', '2021-2022'),
(582, 'S20-0002', 'COM-8', 'Computer 8', '8', '8-Humility', '2021-2022'),
(583, 'S18-0002', 'FIL8', 'Filipino 8', '8', '8-Humility', '2019-2020'),
(584, 'S18-0002', 'AP-8', 'Araling Panlipunan 8', '8', '8-Humility', '2019-2020'),
(585, 'S18-0002', 'ENG-8', 'English 8', '8', '8-Humility', '2019-2020'),
(586, 'S18-0002', 'MATH-8', 'Mathematics 8', '8', '8-Humility', '2019-2020'),
(587, 'S18-0002', 'SCI-8', 'Science 8', '8', '8-Humility', '2019-2020'),
(588, 'S18-0002', 'EsP-8', 'Edukasyon sa Pagpapakatao 8', '8', '8-Humility', '2019-2020'),
(589, 'S18-0002', 'TLE-8', 'Technology and Livelihood Education 8', '8', '8-Humility', '2019-2020'),
(590, 'S18-0002', 'COM-8', 'Computer 8', '8', '8-Humility', '2019-2020'),
(600, 'S18-0002', 'AP-7', 'Araling Panlipunan 7', '7', '7-Lirio', '2018-2019'),
(601, 'S18-0002', 'ENG-7', 'English 7', '7', '7-Lirio', '2018-2019'),
(602, 'S18-0002', 'FIL-7', 'Filipino 7', '7', '7-Lirio', '2018-2019'),
(603, 'S18-0002', 'MATH-7', 'Mathematics 7', '7', '7-Lirio', '2018-2019'),
(604, 'S18-0002', 'SCI-7', 'Science 7', '7', '7-Lirio', '2018-2019'),
(605, 'S18-0002', 'EsP-7', 'Edukasyon sa Pagpapakatao 7', '7', '7-Lirio', '2018-2019'),
(606, 'S18-0002', 'TLE-7', 'Technology and Livelihood Education 7', '7', '7-Lirio', '2018-2019'),
(607, 'S18-0002', 'COM-7', 'Computer 7', '7', '7-Lirio', '2018-2019'),
(608, 'S18-0002', 'MAPEH-7', 'MAPEH 7', '7', '7-Lirio', '2018-2019'),
(618, 'S18-0003', 'AP-10', 'Araling Panlipunan 10', '10', '10-Emerald', '2021-2022'),
(619, 'S18-0003', 'ENG-10', 'English  10', '10', '10-Emerald', '2021-2022'),
(620, 'S18-0003', 'FIL-10', 'Filipino  10', '10', '10-Emerald', '2021-2022'),
(621, 'S18-0003', 'MATH-10', 'Mathematics 10', '10', '10-Emerald', '2021-2022'),
(622, 'S18-0003', 'SCI-10', 'Science 10', '10', '10-Emerald', '2021-2022'),
(623, 'S18-0003', 'EsP-10', 'Edukasyon sa Pagpapakatao  10', '10', '10-Emerald', '2021-2022'),
(624, 'S18-0003', 'TLE-10', 'Technology and Livelihood Education  10', '10', '10-Emerald', '2021-2022'),
(625, 'S18-0003', 'COM-10', 'Computer 10', '10', '10-Emerald', '2021-2022'),
(626, 'S18-0003', 'MAPEH-10', 'MAPEH 10', '10', '10-Emerald', '2021-2022'),
(627, 'S18-0003', 'COM-9', 'Computer 9', '9', '9-Daphne', '2020-2021'),
(628, 'S18-0003', 'AP-9', 'Araling Panlipunan 9', '9', '9-Daphne', '2020-2021'),
(629, 'S18-0003', 'ENG-9', 'English 9', '9', '9-Daphne', '2020-2021'),
(630, 'S18-0003', 'FIL-9', 'Filipino 9', '9', '9-Daphne', '2020-2021'),
(631, 'S18-0003', 'MATH-9', 'Mathematics 9', '9', '9-Daphne', '2020-2021'),
(632, 'S18-0003', 'SCI-9', 'Science 9', '9', '9-Daphne', '2020-2021'),
(633, 'S18-0003', 'EsP-9', 'Edukasyon sa Pagpapakatao 9', '9', '9-Daphne', '2020-2021'),
(634, 'S18-0003', 'TLE-9', 'Technology and Livelihood Education 9', '9', '9-Daphne', '2020-2021'),
(635, 'S18-0003', 'AP-7', 'Araling Panlipunan 7', '7', '7-Lirio', '2018-2019'),
(636, 'S18-0003', 'ENG-7', 'English 7', '7', '7-Lirio', '2018-2019'),
(637, 'S18-0003', 'FIL-7', 'Filipino 7', '7', '7-Lirio', '2018-2019'),
(638, 'S18-0003', 'MATH-7', 'Mathematics 7', '7', '7-Lirio', '2018-2019'),
(639, 'S18-0003', 'SCI-7', 'Science 7', '7', '7-Lirio', '2018-2019'),
(640, 'S18-0003', 'EsP-7', 'Edukasyon sa Pagpapakatao 7', '7', '7-Lirio', '2018-2019'),
(641, 'S18-0003', 'TLE-7', 'Technology and Livelihood Education 7', '7', '7-Lirio', '2018-2019'),
(642, 'S18-0003', 'COM-7', 'Computer 7', '7', '7-Lirio', '2018-2019'),
(643, 'S18-0003', 'MAPEH-7', 'MAPEH 7', '7', '7-Lirio', '2018-2019'),
(644, 'S20-0002', 'AP-7', 'Araling Panlipunan 7', '7', '7-Lirio', '2020-2021'),
(645, 'S20-0002', 'ENG-7', 'English 7', '7', '7-Lirio', '2020-2021'),
(646, 'S20-0002', 'FIL-7', 'Filipino 7', '7', '7-Lirio', '2020-2021'),
(647, 'S20-0002', 'MATH-7', 'Mathematics 7', '7', '7-Lirio', '2020-2021'),
(648, 'S20-0002', 'SCI-7', 'Science 7', '7', '7-Lirio', '2020-2021'),
(649, 'S20-0002', 'EsP-7', 'Edukasyon sa Pagpapakatao 7', '7', '7-Lirio', '2020-2021'),
(650, 'S20-0002', 'TLE-7', 'Technology and Livelihood Education 7', '7', '7-Lirio', '2020-2021'),
(651, 'S20-0002', 'COM-7', 'Computer 7', '7', '7-Lirio', '2020-2021'),
(652, 'S20-0002', 'MAPEH-7', 'MAPEH 7', '7', '7-Lirio', '2020-2021'),
(653, 'S18-0004', 'AP-10', 'Araling Panlipunan 10', '10', '10-Emerald', '2021-2022'),
(654, 'S18-0004', 'ENG-10', 'English  10', '10', '10-Emerald', '2021-2022'),
(655, 'S18-0004', 'FIL-10', 'Filipino  10', '10', '10-Emerald', '2021-2022'),
(656, 'S18-0004', 'MATH-10', 'Mathematics 10', '10', '10-Emerald', '2021-2022'),
(657, 'S18-0004', 'SCI-10', 'Science 10', '10', '10-Emerald', '2021-2022'),
(658, 'S18-0004', 'EsP-10', 'Edukasyon sa Pagpapakatao  10', '10', '10-Emerald', '2021-2022'),
(659, 'S18-0004', 'TLE-10', 'Technology and Livelihood Education  10', '10', '10-Emerald', '2021-2022'),
(660, 'S18-0004', 'COM-10', 'Computer 10', '10', '10-Emerald', '2021-2022'),
(661, 'S18-0004', 'MAPEH-10', 'MAPEH 10', '10', '10-Emerald', '2021-2022'),
(671, 'S18-0004', 'COM-9', 'Computer 9', '9', '9-Daphne', '2020-2021'),
(672, 'S18-0004', 'AP-9', 'Araling Panlipunan 9', '9', '9-Daphne', '2020-2021'),
(673, 'S18-0004', 'ENG-9', 'English 9', '9', '9-Daphne', '2020-2021'),
(674, 'S18-0004', 'FIL-9', 'Filipino 9', '9', '9-Daphne', '2020-2021'),
(675, 'S18-0004', 'MATH-9', 'Mathematics 9', '9', '9-Daphne', '2020-2021'),
(676, 'S18-0004', 'SCI-9', 'Science 9', '9', '9-Daphne', '2020-2021'),
(677, 'S18-0004', 'EsP-9', 'Edukasyon sa Pagpapakatao 9', '9', '9-Daphne', '2020-2021'),
(678, 'S18-0004', 'TLE-9', 'Technology and Livelihood Education 9', '9', '9-Daphne', '2020-2021'),
(679, 'S18-0004', 'FIL8', 'Filipino 8', '8', '8-Humility', '2019-2020'),
(680, 'S18-0004', 'AP-8', 'Araling Panlipunan 8', '8', '8-Humility', '2019-2020'),
(681, 'S18-0004', 'ENG-8', 'English 8', '8', '8-Humility', '2019-2020'),
(682, 'S18-0004', 'MATH-8', 'Mathematics 8', '8', '8-Humility', '2019-2020'),
(683, 'S18-0004', 'SCI-8', 'Science 8', '8', '8-Humility', '2019-2020'),
(684, 'S18-0004', 'EsP-8', 'Edukasyon sa Pagpapakatao 8', '8', '8-Humility', '2019-2020'),
(685, 'S18-0004', 'TLE-8', 'Technology and Livelihood Education 8', '8', '8-Humility', '2019-2020'),
(686, 'S18-0004', 'COM-8', 'Computer 8', '8', '8-Humility', '2019-2020'),
(695, 'S18-0004', 'AP-7', 'Araling Panlipunan 7', '7', '7-Lirio', '2018-2019'),
(696, 'S18-0004', 'ENG-7', 'English 7', '7', '7-Lirio', '2018-2019'),
(697, 'S18-0004', 'FIL-7', 'Filipino 7', '7', '7-Lirio', '2018-2019'),
(698, 'S18-0004', 'MATH-7', 'Mathematics 7', '7', '7-Lirio', '2018-2019'),
(699, 'S18-0004', 'SCI-7', 'Science 7', '7', '7-Lirio', '2018-2019'),
(700, 'S18-0004', 'EsP-7', 'Edukasyon sa Pagpapakatao 7', '7', '7-Lirio', '2018-2019'),
(701, 'S18-0004', 'TLE-7', 'Technology and Livelihood Education 7', '7', '7-Lirio', '2018-2019'),
(702, 'S18-0004', 'COM-7', 'Computer 7', '7', '7-Lirio', '2018-2019'),
(703, 'S18-0004', 'MAPEH-7', 'MAPEH 7', '7', '7-Lirio', '2018-2019'),
(704, 'S18-0005', 'AP-10', 'Araling Panlipunan 10', '10', '10-Emerald', '2021-2022'),
(705, 'S18-0005', 'ENG-10', 'English  10', '10', '10-Emerald', '2021-2022'),
(706, 'S18-0005', 'FIL-10', 'Filipino  10', '10', '10-Emerald', '2021-2022'),
(707, 'S18-0005', 'MATH-10', 'Mathematics 10', '10', '10-Emerald', '2021-2022'),
(708, 'S18-0005', 'SCI-10', 'Science 10', '10', '10-Emerald', '2021-2022'),
(709, 'S18-0005', 'EsP-10', 'Edukasyon sa Pagpapakatao  10', '10', '10-Emerald', '2021-2022'),
(710, 'S18-0005', 'TLE-10', 'Technology and Livelihood Education  10', '10', '10-Emerald', '2021-2022'),
(711, 'S18-0005', 'COM-10', 'Computer 10', '10', '10-Emerald', '2021-2022'),
(712, 'S18-0005', 'MAPEH-10', 'MAPEH 10', '10', '10-Emerald', '2021-2022'),
(713, 'S20-0003', 'AP-7', 'Araling Panlipunan 7', '7', '7-Lirio', '2020-2021'),
(714, 'S20-0003', 'ENG-7', 'English 7', '7', '7-Lirio', '2020-2021'),
(715, 'S20-0003', 'FIL-7', 'Filipino 7', '7', '7-Lirio', '2020-2021'),
(716, 'S20-0003', 'MATH-7', 'Mathematics 7', '7', '7-Lirio', '2020-2021'),
(717, 'S20-0003', 'SCI-7', 'Science 7', '7', '7-Lirio', '2020-2021'),
(718, 'S20-0003', 'EsP-7', 'Edukasyon sa Pagpapakatao 7', '7', '7-Lirio', '2020-2021'),
(719, 'S20-0003', 'TLE-7', 'Technology and Livelihood Education 7', '7', '7-Lirio', '2020-2021'),
(720, 'S20-0003', 'COM-7', 'Computer 7', '7', '7-Lirio', '2020-2021'),
(721, 'S20-0003', 'MAPEH-7', 'MAPEH 7', '7', '7-Lirio', '2020-2021'),
(722, 'S18-0005', 'COM-9', 'Computer 9', '9', '9-Daphne', '2020-2021'),
(723, 'S18-0005', 'AP-9', 'Araling Panlipunan 9', '9', '9-Daphne', '2020-2021'),
(724, 'S18-0005', 'ENG-9', 'English 9', '9', '9-Daphne', '2020-2021'),
(725, 'S18-0005', 'FIL-9', 'Filipino 9', '9', '9-Daphne', '2020-2021'),
(726, 'S18-0005', 'MATH-9', 'Mathematics 9', '9', '9-Daphne', '2020-2021'),
(727, 'S18-0005', 'SCI-9', 'Science 9', '9', '9-Daphne', '2020-2021'),
(728, 'S18-0005', 'EsP-9', 'Edukasyon sa Pagpapakatao 9', '9', '9-Daphne', '2020-2021'),
(729, 'S18-0005', 'TLE-9', 'Technology and Livelihood Education 9', '9', '9-Daphne', '2020-2021'),
(730, 'S20-0003', 'FIL8', 'Filipino 8', '8', '8-Humility', '2021-2022'),
(731, 'S20-0003', 'AP-8', 'Araling Panlipunan 8', '8', '8-Humility', '2021-2022'),
(732, 'S20-0003', 'ENG-8', 'English 8', '8', '8-Humility', '2021-2022'),
(733, 'S20-0003', 'MATH-8', 'Mathematics 8', '8', '8-Humility', '2021-2022'),
(734, 'S20-0003', 'SCI-8', 'Science 8', '8', '8-Humility', '2021-2022'),
(735, 'S20-0003', 'EsP-8', 'Edukasyon sa Pagpapakatao 8', '8', '8-Humility', '2021-2022'),
(736, 'S20-0003', 'TLE-8', 'Technology and Livelihood Education 8', '8', '8-Humility', '2021-2022'),
(737, 'S20-0003', 'COM-8', 'Computer 8', '8', '8-Humility', '2021-2022'),
(738, 'S18-0005', 'FIL8', 'Filipino 8', '8', '8-Humility', '2019-2020'),
(739, 'S18-0005', 'AP-8', 'Araling Panlipunan 8', '8', '8-Humility', '2019-2020'),
(740, 'S18-0005', 'ENG-8', 'English 8', '8', '8-Humility', '2019-2020'),
(741, 'S18-0005', 'MATH-8', 'Mathematics 8', '8', '8-Humility', '2019-2020'),
(742, 'S18-0005', 'SCI-8', 'Science 8', '8', '8-Humility', '2019-2020'),
(743, 'S18-0005', 'EsP-8', 'Edukasyon sa Pagpapakatao 8', '8', '8-Humility', '2019-2020'),
(744, 'S18-0005', 'TLE-8', 'Technology and Livelihood Education 8', '8', '8-Humility', '2019-2020'),
(745, 'S18-0005', 'COM-8', 'Computer 8', '8', '8-Humility', '2019-2020'),
(755, 'S20-0004', 'FIL8', 'Filipino 8', '8', '8-Humility', '2021-2022'),
(756, 'S20-0004', 'AP-8', 'Araling Panlipunan 8', '8', '8-Humility', '2021-2022'),
(757, 'S20-0004', 'ENG-8', 'English 8', '8', '8-Humility', '2021-2022'),
(758, 'S20-0004', 'MATH-8', 'Mathematics 8', '8', '8-Humility', '2021-2022'),
(759, 'S20-0004', 'SCI-8', 'Science 8', '8', '8-Humility', '2021-2022'),
(760, 'S20-0004', 'EsP-8', 'Edukasyon sa Pagpapakatao 8', '8', '8-Humility', '2021-2022'),
(761, 'S20-0004', 'TLE-8', 'Technology and Livelihood Education 8', '8', '8-Humility', '2021-2022'),
(762, 'S20-0004', 'COM-8', 'Computer 8', '8', '8-Humility', '2021-2022'),
(772, 'S20-0004', 'AP-7', 'Araling Panlipunan 7', '7', '7-Lirio', '2020-2021'),
(773, 'S20-0004', 'ENG-7', 'English 7', '7', '7-Lirio', '2020-2021'),
(774, 'S20-0004', 'FIL-7', 'Filipino 7', '7', '7-Lirio', '2020-2021'),
(775, 'S20-0004', 'MATH-7', 'Mathematics 7', '7', '7-Lirio', '2020-2021'),
(776, 'S20-0004', 'SCI-7', 'Science 7', '7', '7-Lirio', '2020-2021'),
(777, 'S20-0004', 'EsP-7', 'Edukasyon sa Pagpapakatao 7', '7', '7-Lirio', '2020-2021'),
(778, 'S20-0004', 'TLE-7', 'Technology and Livelihood Education 7', '7', '7-Lirio', '2020-2021'),
(779, 'S20-0004', 'COM-7', 'Computer 7', '7', '7-Lirio', '2020-2021'),
(780, 'S20-0004', 'MAPEH-7', 'MAPEH 7', '7', '7-Lirio', '2020-2021'),
(781, 'S18-0005', 'AP-7', 'Araling Panlipunan 7', '7', '7-Lirio', '2018-2019'),
(782, 'S18-0005', 'ENG-7', 'English 7', '7', '7-Lirio', '2018-2019'),
(783, 'S18-0005', 'FIL-7', 'Filipino 7', '7', '7-Lirio', '2018-2019'),
(784, 'S18-0005', 'MATH-7', 'Mathematics 7', '7', '7-Lirio', '2018-2019'),
(785, 'S18-0005', 'SCI-7', 'Science 7', '7', '7-Lirio', '2018-2019'),
(786, 'S18-0005', 'EsP-7', 'Edukasyon sa Pagpapakatao 7', '7', '7-Lirio', '2018-2019'),
(787, 'S18-0005', 'TLE-7', 'Technology and Livelihood Education 7', '7', '7-Lirio', '2018-2019'),
(788, 'S18-0005', 'COM-7', 'Computer 7', '7', '7-Lirio', '2018-2019'),
(789, 'S18-0005', 'MAPEH-7', 'MAPEH 7', '7', '7-Lirio', '2018-2019'),
(790, 'S20-0005', 'FIL8', 'Filipino 8', '8', '8-Humility', '2021-2022'),
(791, 'S20-0005', 'AP-8', 'Araling Panlipunan 8', '8', '8-Humility', '2021-2022'),
(792, 'S20-0005', 'ENG-8', 'English 8', '8', '8-Humility', '2021-2022'),
(793, 'S20-0005', 'MATH-8', 'Mathematics 8', '8', '8-Humility', '2021-2022'),
(794, 'S20-0005', 'SCI-8', 'Science 8', '8', '8-Humility', '2021-2022'),
(795, 'S20-0005', 'EsP-8', 'Edukasyon sa Pagpapakatao 8', '8', '8-Humility', '2021-2022'),
(796, 'S20-0005', 'TLE-8', 'Technology and Livelihood Education 8', '8', '8-Humility', '2021-2022'),
(797, 'S20-0005', 'COM-8', 'Computer 8', '8', '8-Humility', '2021-2022'),
(798, 'S20-0005', 'AP-7', 'Araling Panlipunan 7', '7', '7-Lirio', '2020-2021'),
(799, 'S20-0005', 'ENG-7', 'English 7', '7', '7-Lirio', '2020-2021'),
(800, 'S20-0005', 'FIL-7', 'Filipino 7', '7', '7-Lirio', '2020-2021'),
(801, 'S20-0005', 'MATH-7', 'Mathematics 7', '7', '7-Lirio', '2020-2021'),
(802, 'S20-0005', 'SCI-7', 'Science 7', '7', '7-Lirio', '2020-2021'),
(803, 'S20-0005', 'EsP-7', 'Edukasyon sa Pagpapakatao 7', '7', '7-Lirio', '2020-2021'),
(804, 'S20-0005', 'TLE-7', 'Technology and Livelihood Education 7', '7', '7-Lirio', '2020-2021'),
(805, 'S20-0005', 'COM-7', 'Computer 7', '7', '7-Lirio', '2020-2021'),
(806, 'S20-0005', 'MAPEH-7', 'MAPEH 7', '7', '7-Lirio', '2020-2021'),
(807, 'S19-0005', 'AP-7', 'Araling Panlipunan 7', '7', '7-Lirio', '2019-2020'),
(808, 'S19-0005', 'ENG-7', 'English 7', '7', '7-Lirio', '2019-2020'),
(809, 'S19-0005', 'FIL-7', 'Filipino 7', '7', '7-Lirio', '2019-2020'),
(810, 'S19-0005', 'MATH-7', 'Mathematics 7', '7', '7-Lirio', '2019-2020'),
(811, 'S19-0005', 'SCI-7', 'Science 7', '7', '7-Lirio', '2019-2020'),
(812, 'S19-0005', 'EsP-7', 'Edukasyon sa Pagpapakatao 7', '7', '7-Lirio', '2019-2020'),
(813, 'S19-0005', 'TLE-7', 'Technology and Livelihood Education 7', '7', '7-Lirio', '2019-2020'),
(814, 'S19-0005', 'COM-7', 'Computer 7', '7', '7-Lirio', '2019-2020'),
(815, 'S19-0005', 'MAPEH-7', 'MAPEH 7', '7', '7-Lirio', '2019-2020'),
(816, 'S19-0005', 'FIL8', 'Filipino 8', '8', '8-Humility', '2020-2021'),
(817, 'S19-0005', 'AP-8', 'Araling Panlipunan 8', '8', '8-Humility', '2020-2021'),
(818, 'S19-0005', 'ENG-8', 'English 8', '8', '8-Humility', '2020-2021'),
(819, 'S19-0005', 'MATH-8', 'Mathematics 8', '8', '8-Humility', '2020-2021'),
(820, 'S19-0005', 'SCI-8', 'Science 8', '8', '8-Humility', '2020-2021'),
(821, 'S19-0005', 'EsP-8', 'Edukasyon sa Pagpapakatao 8', '8', '8-Humility', '2020-2021'),
(822, 'S19-0005', 'TLE-8', 'Technology and Livelihood Education 8', '8', '8-Humility', '2020-2021'),
(823, 'S19-0005', 'COM-8', 'Computer 8', '8', '8-Humility', '2020-2021'),
(832, 'S21-0005', 'AP-7', 'Araling Panlipunan 7', '7', '7-Lirio', '2021-2022'),
(833, 'S21-0005', 'ENG-7', 'English 7', '7', '7-Lirio', '2021-2022'),
(834, 'S21-0005', 'FIL-7', 'Filipino 7', '7', '7-Lirio', '2021-2022'),
(835, 'S21-0005', 'MATH-7', 'Mathematics 7', '7', '7-Lirio', '2021-2022'),
(836, 'S21-0005', 'SCI-7', 'Science 7', '7', '7-Lirio', '2021-2022'),
(837, 'S21-0005', 'EsP-7', 'Edukasyon sa Pagpapakatao 7', '7', '7-Lirio', '2021-2022'),
(838, 'S21-0005', 'TLE-7', 'Technology and Livelihood Education 7', '7', '7-Lirio', '2021-2022'),
(839, 'S21-0005', 'COM-7', 'Computer 7', '7', '7-Lirio', '2021-2022'),
(840, 'S21-0005', 'MAPEH-7', 'MAPEH 7', '7', '7-Lirio', '2021-2022'),
(841, 'S21-0004', 'AP-7', 'Araling Panlipunan 7', '7', '7-Lirio', '2021-2022'),
(842, 'S21-0004', 'ENG-7', 'English 7', '7', '7-Lirio', '2021-2022'),
(843, 'S21-0004', 'FIL-7', 'Filipino 7', '7', '7-Lirio', '2021-2022'),
(844, 'S21-0004', 'MATH-7', 'Mathematics 7', '7', '7-Lirio', '2021-2022'),
(845, 'S21-0004', 'SCI-7', 'Science 7', '7', '7-Lirio', '2021-2022'),
(846, 'S21-0004', 'EsP-7', 'Edukasyon sa Pagpapakatao 7', '7', '7-Lirio', '2021-2022'),
(847, 'S21-0004', 'TLE-7', 'Technology and Livelihood Education 7', '7', '7-Lirio', '2021-2022'),
(848, 'S21-0004', 'COM-7', 'Computer 7', '7', '7-Lirio', '2021-2022'),
(849, 'S21-0004', 'MAPEH-7', 'MAPEH 7', '7', '7-Lirio', '2021-2022'),
(875, 'S21-0003', 'AP-7', 'Araling Panlipunan 7', '7', '7-Lirio', '2021-2022'),
(876, 'S21-0003', 'ENG-7', 'English 7', '7', '7-Lirio', '2021-2022'),
(877, 'S21-0003', 'FIL-7', 'Filipino 7', '7', '7-Lirio', '2021-2022'),
(878, 'S21-0003', 'MATH-7', 'Mathematics 7', '7', '7-Lirio', '2021-2022'),
(879, 'S21-0003', 'SCI-7', 'Science 7', '7', '7-Lirio', '2021-2022'),
(880, 'S21-0003', 'EsP-7', 'Edukasyon sa Pagpapakatao 7', '7', '7-Lirio', '2021-2022'),
(881, 'S21-0003', 'TLE-7', 'Technology and Livelihood Education 7', '7', '7-Lirio', '2021-2022'),
(882, 'S21-0003', 'COM-7', 'Computer 7', '7', '7-Lirio', '2021-2022'),
(883, 'S21-0003', 'MAPEH-7', 'MAPEH 7', '7', '7-Lirio', '2021-2022'),
(893, 'S21-0002', 'AP-7', 'Araling Panlipunan 7', '7', '7-Lirio', '2021-2022'),
(894, 'S21-0002', 'ENG-7', 'English 7', '7', '7-Lirio', '2021-2022'),
(895, 'S21-0002', 'FIL-7', 'Filipino 7', '7', '7-Lirio', '2021-2022'),
(896, 'S21-0002', 'MATH-7', 'Mathematics 7', '7', '7-Lirio', '2021-2022'),
(897, 'S21-0002', 'SCI-7', 'Science 7', '7', '7-Lirio', '2021-2022'),
(898, 'S21-0002', 'EsP-7', 'Edukasyon sa Pagpapakatao 7', '7', '7-Lirio', '2021-2022'),
(899, 'S21-0002', 'TLE-7', 'Technology and Livelihood Education 7', '7', '7-Lirio', '2021-2022'),
(900, 'S21-0002', 'COM-7', 'Computer 7', '7', '7-Lirio', '2021-2022'),
(901, 'S21-0002', 'MAPEH-7', 'MAPEH 7', '7', '7-Lirio', '2021-2022'),
(902, 'S19-0004', 'AP-7', 'Araling Panlipunan 7', '7', '7-Lirio', '2019-2020'),
(903, 'S19-0004', 'ENG-7', 'English 7', '7', '7-Lirio', '2019-2020'),
(904, 'S19-0004', 'FIL-7', 'Filipino 7', '7', '7-Lirio', '2019-2020'),
(905, 'S19-0004', 'MATH-7', 'Mathematics 7', '7', '7-Lirio', '2019-2020'),
(906, 'S19-0004', 'SCI-7', 'Science 7', '7', '7-Lirio', '2019-2020'),
(907, 'S19-0004', 'EsP-7', 'Edukasyon sa Pagpapakatao 7', '7', '7-Lirio', '2019-2020'),
(908, 'S19-0004', 'TLE-7', 'Technology and Livelihood Education 7', '7', '7-Lirio', '2019-2020'),
(909, 'S19-0004', 'COM-7', 'Computer 7', '7', '7-Lirio', '2019-2020'),
(910, 'S19-0004', 'MAPEH-7', 'MAPEH 7', '7', '7-Lirio', '2019-2020'),
(911, 'S19-0004', 'FIL8', 'Filipino 8', '8', '8-Humility', '2020-2021'),
(912, 'S19-0004', 'AP-8', 'Araling Panlipunan 8', '8', '8-Humility', '2020-2021'),
(913, 'S19-0004', 'ENG-8', 'English 8', '8', '8-Humility', '2020-2021'),
(914, 'S19-0004', 'MATH-8', 'Mathematics 8', '8', '8-Humility', '2020-2021'),
(915, 'S19-0004', 'SCI-8', 'Science 8', '8', '8-Humility', '2020-2021'),
(916, 'S19-0004', 'EsP-8', 'Edukasyon sa Pagpapakatao 8', '8', '8-Humility', '2020-2021'),
(917, 'S19-0004', 'TLE-8', 'Technology and Livelihood Education 8', '8', '8-Humility', '2020-2021'),
(918, 'S19-0004', 'COM-8', 'Computer 8', '8', '8-Humility', '2020-2021'),
(919, 'S19-0004', 'COM-9', 'Computer 9', '9', '9-Daphne', '2021-2022'),
(920, 'S19-0004', 'AP-9', 'Araling Panlipunan 9', '9', '9-Daphne', '2021-2022'),
(921, 'S19-0004', 'ENG-9', 'English 9', '9', '9-Daphne', '2021-2022'),
(922, 'S19-0004', 'FIL-9', 'Filipino 9', '9', '9-Daphne', '2021-2022'),
(923, 'S19-0004', 'MATH-9', 'Mathematics 9', '9', '9-Daphne', '2021-2022'),
(924, 'S19-0004', 'SCI-9', 'Science 9', '9', '9-Daphne', '2021-2022'),
(925, 'S19-0004', 'EsP-9', 'Edukasyon sa Pagpapakatao 9', '9', '9-Daphne', '2021-2022'),
(926, 'S19-0004', 'TLE-9', 'Technology and Livelihood Education 9', '9', '9-Daphne', '2021-2022'),
(927, 'S19-0005', 'COM-9', 'Computer 9', '9', '9-Daphne', '2021-2022'),
(928, 'S19-0005', 'AP-9', 'Araling Panlipunan 9', '9', '9-Daphne', '2021-2022'),
(929, 'S19-0005', 'ENG-9', 'English 9', '9', '9-Daphne', '2021-2022'),
(930, 'S19-0005', 'FIL-9', 'Filipino 9', '9', '9-Daphne', '2021-2022'),
(931, 'S19-0005', 'MATH-9', 'Mathematics 9', '9', '9-Daphne', '2021-2022'),
(932, 'S19-0005', 'SCI-9', 'Science 9', '9', '9-Daphne', '2021-2022'),
(933, 'S19-0005', 'EsP-9', 'Edukasyon sa Pagpapakatao 9', '9', '9-Daphne', '2021-2022'),
(934, 'S19-0005', 'TLE-9', 'Technology and Livelihood Education 9', '9', '9-Daphne', '2021-2022'),
(935, 'S19-0002', 'AP-7', 'Araling Panlipunan 7', '7', '7-Lirio', '2019-2020'),
(936, 'S19-0002', 'ENG-7', 'English 7', '7', '7-Lirio', '2019-2020'),
(937, 'S19-0002', 'FIL-7', 'Filipino 7', '7', '7-Lirio', '2019-2020'),
(938, 'S19-0002', 'MATH-7', 'Mathematics 7', '7', '7-Lirio', '2019-2020'),
(939, 'S19-0002', 'SCI-7', 'Science 7', '7', '7-Lirio', '2019-2020'),
(940, 'S19-0002', 'EsP-7', 'Edukasyon sa Pagpapakatao 7', '7', '7-Lirio', '2019-2020'),
(941, 'S19-0002', 'TLE-7', 'Technology and Livelihood Education 7', '7', '7-Lirio', '2019-2020'),
(942, 'S19-0002', 'COM-7', 'Computer 7', '7', '7-Lirio', '2019-2020'),
(943, 'S19-0002', 'MAPEH-7', 'MAPEH 7', '7', '7-Lirio', '2019-2020'),
(944, 'S19-0003', 'AP-7', 'Araling Panlipunan 7', '7', '7-Lirio', '2019-2020'),
(945, 'S19-0003', 'ENG-7', 'English 7', '7', '7-Lirio', '2019-2020'),
(946, 'S19-0003', 'FIL-7', 'Filipino 7', '7', '7-Lirio', '2019-2020'),
(947, 'S19-0003', 'MATH-7', 'Mathematics 7', '7', '7-Lirio', '2019-2020'),
(948, 'S19-0003', 'SCI-7', 'Science 7', '7', '7-Lirio', '2019-2020'),
(949, 'S19-0003', 'EsP-7', 'Edukasyon sa Pagpapakatao 7', '7', '7-Lirio', '2019-2020'),
(950, 'S19-0003', 'TLE-7', 'Technology and Livelihood Education 7', '7', '7-Lirio', '2019-2020'),
(951, 'S19-0003', 'COM-7', 'Computer 7', '7', '7-Lirio', '2019-2020'),
(952, 'S19-0003', 'MAPEH-7', 'MAPEH 7', '7', '7-Lirio', '2019-2020'),
(953, 'S19-0002', 'FIL8', 'Filipino 8', '8', '8-Humility', '2020-2021'),
(954, 'S19-0002', 'AP-8', 'Araling Panlipunan 8', '8', '8-Humility', '2020-2021'),
(955, 'S19-0002', 'ENG-8', 'English 8', '8', '8-Humility', '2020-2021'),
(956, 'S19-0002', 'MATH-8', 'Mathematics 8', '8', '8-Humility', '2020-2021'),
(957, 'S19-0002', 'SCI-8', 'Science 8', '8', '8-Humility', '2020-2021'),
(958, 'S19-0002', 'EsP-8', 'Edukasyon sa Pagpapakatao 8', '8', '8-Humility', '2020-2021'),
(959, 'S19-0002', 'TLE-8', 'Technology and Livelihood Education 8', '8', '8-Humility', '2020-2021'),
(960, 'S19-0002', 'COM-8', 'Computer 8', '8', '8-Humility', '2020-2021'),
(961, 'S19-0003', 'FIL8', 'Filipino 8', '8', '8-Humility', '2020-2021'),
(962, 'S19-0003', 'AP-8', 'Araling Panlipunan 8', '8', '8-Humility', '2020-2021'),
(963, 'S19-0003', 'ENG-8', 'English 8', '8', '8-Humility', '2020-2021'),
(964, 'S19-0003', 'MATH-8', 'Mathematics 8', '8', '8-Humility', '2020-2021'),
(965, 'S19-0003', 'SCI-8', 'Science 8', '8', '8-Humility', '2020-2021'),
(966, 'S19-0003', 'EsP-8', 'Edukasyon sa Pagpapakatao 8', '8', '8-Humility', '2020-2021'),
(967, 'S19-0003', 'TLE-8', 'Technology and Livelihood Education 8', '8', '8-Humility', '2020-2021'),
(968, 'S19-0003', 'COM-8', 'Computer 8', '8', '8-Humility', '2020-2021'),
(969, 'S19-0003', 'COM-9', 'Computer 9', '9', '9-Daphne', '2021-2022'),
(970, 'S19-0003', 'AP-9', 'Araling Panlipunan 9', '9', '9-Daphne', '2021-2022'),
(971, 'S19-0003', 'ENG-9', 'English 9', '9', '9-Daphne', '2021-2022'),
(972, 'S19-0003', 'FIL-9', 'Filipino 9', '9', '9-Daphne', '2021-2022'),
(973, 'S19-0003', 'MATH-9', 'Mathematics 9', '9', '9-Daphne', '2021-2022'),
(974, 'S19-0003', 'SCI-9', 'Science 9', '9', '9-Daphne', '2021-2022'),
(975, 'S19-0003', 'EsP-9', 'Edukasyon sa Pagpapakatao 9', '9', '9-Daphne', '2021-2022'),
(976, 'S19-0003', 'TLE-9', 'Technology and Livelihood Education 9', '9', '9-Daphne', '2021-2022'),
(997, 'S19-0002', 'FIL-9', 'Filipino 9', '9', '9-Daphne', '2021-2022'),
(998, 'S19-0002', 'MATH-9', 'Mathematics 9', '9', '9-Daphne', '2021-2022'),
(999, 'S19-0002', 'SCI-9', 'Science 9', '9', '9-Daphne', '2021-2022'),
(1000, 'S19-0002', 'EsP-9', 'Edukasyon sa Pagpapakatao 9', '9', '9-Daphne', '2021-2022'),
(1001, 'S19-0002', 'TLE-9', 'Technology and Livelihood Education 9', '9', '9-Daphne', '2021-2022'),
(1002, 'S19-0002', 'COM-9', 'Computer 9', '9', '9-Daphne', '2021-2022'),
(1003, 'S19-0002', 'AP-9', 'Araling Panlipunan 9', '9', '9-Daphne', '2021-2022'),
(1004, 'S19-0002', 'ENG-9', 'English 9', '9', '9-Daphne', '2021-2022'),
(1005, 'S18-0001', 'AP-7', 'Araling Panlipunan 7', '7', '7-Lirio', '2023-2024'),
(1006, 'S18-0001', 'ENG-7', 'English 7', '7', '7-Lirio', '2023-2024'),
(1007, 'S18-0001', 'FIL-7', 'Filipino 7', '7', '7-Lirio', '2023-2024'),
(1008, 'S18-0001', 'MATH-7', 'Mathematics 7', '7', '7-Lirio', '2023-2024'),
(1009, 'S18-0001', 'SCI-7', 'Science 7', '7', '7-Lirio', '2023-2024'),
(1010, 'S18-0001', 'EsP-7', 'Edukasyon sa Pagpapakatao 7', '7', '7-Lirio', '2023-2024'),
(1011, 'S18-0001', 'TLE-7', 'Technology and Livelihood Education 7', '7', '7-Lirio', '2023-2024'),
(1012, 'S18-0001', 'COM-7', 'Computer 7', '7', '7-Lirio', '2023-2024'),
(1013, 'S18-0001', 'MAPEH-7', 'MAPEH 7', '7', '7-Lirio', '2023-2024'),
(1014, 'S22-0001', 'AP-7', 'Araling Panlipunan 7', '7', '7-Lirio', '2021-2022'),
(1015, 'S22-0001', 'ENG-7', 'English 7', '7', '7-Lirio', '2021-2022'),
(1016, 'S22-0001', 'FIL-7', 'Filipino 7', '7', '7-Lirio', '2021-2022'),
(1017, 'S22-0001', 'MATH-7', 'Mathematics 7', '7', '7-Lirio', '2021-2022'),
(1018, 'S22-0001', 'SCI-7', 'Science 7', '7', '7-Lirio', '2021-2022'),
(1019, 'S22-0001', 'EsP-7', 'Edukasyon sa Pagpapakatao 7', '7', '7-Lirio', '2021-2022'),
(1020, 'S22-0001', 'TLE-7', 'Technology and Livelihood Education 7', '7', '7-Lirio', '2021-2022'),
(1021, 'S22-0001', 'COM-7', 'Computer 7', '7', '7-Lirio', '2021-2022'),
(1022, 'S22-0001', 'MAPEH-7', 'MAPEH 7', '7', '7-Lirio', '2021-2022');

-- --------------------------------------------------------

--
-- Table structure for table `tblsubjloadteacher`
--

CREATE TABLE `tblsubjloadteacher` (
  `id` int(50) NOT NULL,
  `facultyid` varchar(255) NOT NULL,
  `subject` varchar(255) NOT NULL,
  `subjectdesc` varchar(255) NOT NULL,
  `subjectgradelevel` int(50) NOT NULL,
  `schoolyear` varchar(255) NOT NULL
) ENGINE=InnoDB DEFAULT CHARSET=utf8mb4;

--
-- Dumping data for table `tblsubjloadteacher`
--

INSERT INTO `tblsubjloadteacher` (`id`, `facultyid`, `subject`, `subjectdesc`, `subjectgradelevel`, `schoolyear`) VALUES
(335, 'F-0001', 'AP-7', 'Araling Panlipunan 7', 7, '2018-2019'),
(339, 'F-0001', 'AP-7', 'Araling Panlipunan 7', 7, '2019-2020'),
(343, 'F-0002', 'ENG-7', 'English 7', 7, '2018-2019'),
(344, 'F-0003', 'FIL-7', 'Filipino 7', 7, '2018-2019'),
(345, 'F-0006', 'EsP-7', 'Edukasyon sa Pagpapakatao 7', 7, '2018-2019'),
(346, 'F-0001', 'AP-7', 'Araling Panlipunan 7', 7, '2021-2022'),
(347, 'F-0002', 'ENG-7', 'English 7', 7, '2021-2022'),
(348, 'F-0003', 'FIL-7', 'Filipino 7', 7, '2021-2022'),
(349, 'F-0006', 'COM-7', 'Computer 7', 7, '2021-2022'),
(350, 'F-0007', 'AP-7', 'Araling Panlipunan 7', 7, '2023-2024'),
(351, 'F-0007', 'ENG-7', 'English 7', 7, '2023-2024'),
(352, 'F-0007', 'FIL-7', 'Filipino 7', 7, '2023-2024'),
(353, 'F-0008', 'AP-7', 'Araling Panlipunan 7', 7, '2021-2022'),
(354, 'F-0008', 'ENG-7', 'English 7', 7, '2021-2022'),
(355, 'F-0008', 'FIL8', 'Filipino 8', 8, '2021-2022');

-- --------------------------------------------------------

--
-- Table structure for table `tblteacher`
--

CREATE TABLE `tblteacher` (
  `facultyid` varchar(100) NOT NULL,
  `password` varchar(100) NOT NULL,
  `picture` blob NOT NULL,
  `firstname` varchar(20) DEFAULT NULL,
  `lastname` varchar(20) DEFAULT NULL,
  `middlename` varchar(20) DEFAULT NULL,
  `email` varchar(100) DEFAULT NULL,
  `birthdate` date DEFAULT NULL,
  `gender` varchar(50) NOT NULL,
  `birthplace` varchar(255) NOT NULL,
  `religion` varchar(255) NOT NULL,
  `contact` varchar(255) NOT NULL,
  `civilstatus` varchar(255) NOT NULL,
  `nationality` varchar(255) NOT NULL,
  `address` varchar(255) NOT NULL,
  `datecreated` timestamp NOT NULL DEFAULT current_timestamp()
) ENGINE=InnoDB DEFAULT CHARSET=utf8mb4;

--
-- Dumping data for table `tblteacher`
--

INSERT INTO `tblteacher` (`facultyid`, `password`, `picture`, `firstname`, `lastname`, `middlename`, `email`, `birthdate`, `gender`, `birthplace`, `religion`, `contact`, `civilstatus`, `nationality`, `address`, `datecreated`) VALUES
('F-0001', '02b6495c3da36e1458282e98a463bbbe', '', 'Wishiel', 'Ilumin', 'Chua', 'wish@gmail.com', '1980-03-09', 'Female', 'Lucena City', '', '', 'Single', '', '', '2022-03-25 03:22:44'),
('F-0002', '525abce2b65435a25e9b2faf68e621f9', '', 'Karen', 'Hermosa', ' ', 'karen@gmail.com', '1985-01-01', 'Female', 'Candelaria', '', '', 'Single', '', '', '2021-09-15 10:48:37'),
('F-0003', '9bc32d87020b38a17a7da05598074714', '', 'Christian Joy', 'Perez', ' ', 'perez@yahoo.com', '1990-01-01', 'Male', 'Candelaria', '', '', 'Single', '', '', '2021-09-15 10:48:37'),
('F-0004', 'fea6528dc58584d1a7d89ba65b5292a3', '', 'Jhing', 'Villangca', ' ', 'jhing@mseuf.edu.ph', '1999-01-01', 'Female', '', '', '', 'Single', '', '', '2021-09-15 10:48:37'),
('F-0005', '3dfe0d05904249101bd1df3f3a6d4932', '', 'Aldwin', 'Ilumin', ' ', 'aldwin@gmail.com', '1999-01-01', 'Male', 'Lucena City', '', '', 'Single', '', '', '2021-09-15 10:48:37'),
('F-0006', 'fb687654da8e6eff60b970db7c7439f8', '', 'Smith', 'Gregor', 'Chua', 'smith@gmail.com', '2000-01-01', 'Male', 'Lucena City', '', '', 'Single', '', '', '2021-09-19 04:32:21'),
('F-0007', '749d94d1935b4e844346b6fb3b6c2583', '', 'Philip', 'Dimaculangan', 'Evans', '', '1990-03-31', 'Male', 'Lucena City', '', '', 'Single', '', '', '2022-04-27 14:39:44'),
('F-0008', '0cf08d389dd833889afe12bc682dafff', '', 'ver', 'Sir', 'A', '', '2000-04-08', 'Male', '', '', '', 'Single', '', '', '2022-04-29 02:22:57'),
('F-3116', 'a7587e60a098815ab5ea6706e3dd516f', '', 'Russel', 'Moreno', 'Garcia', 'russel@gmail.com', '1995-12-16', 'Male', 'Candelaria', 'Roman Catholic', '09178255755', 'Single', '', '', '2021-11-16 04:21:25');

-- --------------------------------------------------------

--
-- Table structure for table `tblteacherdetail`
--

CREATE TABLE `tblteacherdetail` (
  `id` int(11) NOT NULL,
  `facultyid` varchar(50) NOT NULL,
  `schoolyear` varchar(255) NOT NULL,
  `dateadded` timestamp NOT NULL DEFAULT current_timestamp(),
  `status` varchar(255) DEFAULT NULL
) ENGINE=InnoDB DEFAULT CHARSET=utf8mb4;

--
-- Dumping data for table `tblteacherdetail`
--

INSERT INTO `tblteacherdetail` (`id`, `facultyid`, `schoolyear`, `dateadded`, `status`) VALUES
(30, 'F-0001', '2018-2019', '2021-12-08 15:27:30', NULL),
(31, 'F-0001', '2019-2020', '2021-12-08 15:27:36', NULL),
(32, 'F-0001', '2020-2021', '2021-12-08 15:27:40', NULL),
(33, 'F-0001', '2021-2022', '2021-12-08 15:27:46', NULL),
(34, 'F-0002', '2018-2019', '2021-12-08 15:33:49', NULL),
(35, 'F-0003', '2018-2019', '2021-12-08 15:35:20', NULL),
(36, 'F-0006', '2018-2019', '2021-12-08 15:36:03', NULL),
(37, 'F-0002', '2021-2022', '2021-12-08 16:00:16', NULL),
(38, 'F-0003', '2021-2022', '2021-12-08 16:01:12', NULL),
(39, 'F-0006', '2021-2022', '2021-12-08 16:01:54', NULL),
(40, 'F-0006', '2022-2023', '2022-04-27 13:37:05', NULL),
(41, 'F-0007', '2023-2024', '2022-04-27 14:40:35', NULL),
(42, 'F-0008', '2021-2022', '2022-04-29 02:23:48', NULL),
(43, 'F-0008', '2022-2023', '2022-04-29 02:23:52', NULL);

--
-- Indexes for dumped tables
--

--
-- Indexes for table `tblaccount`
--
ALTER TABLE `tblaccount`
  ADD PRIMARY KEY (`username`);

--
-- Indexes for table `tblassigngrade`
--
ALTER TABLE `tblassigngrade`
  ADD PRIMARY KEY (`id`);

--
-- Indexes for table `tblcontrol`
--
ALTER TABLE `tblcontrol`
  ADD PRIMARY KEY (`id`);

--
-- Indexes for table `tblcurriculum`
--
ALTER TABLE `tblcurriculum`
  ADD PRIMARY KEY (`curriculumid`);

--
-- Indexes for table `tbldepartment`
--
ALTER TABLE `tbldepartment`
  ADD PRIMARY KEY (`departmentid`);

--
-- Indexes for table `tblgrade`
--
ALTER TABLE `tblgrade`
  ADD PRIMARY KEY (`id`);

--
-- Indexes for table `tblgradelevel`
--
ALTER TABLE `tblgradelevel`
  ADD PRIMARY KEY (`gradelevelid`);

--
-- Indexes for table `tblgradesection`
--
ALTER TABLE `tblgradesection`
  ADD PRIMARY KEY (`gradesectionid`);

--
-- Indexes for table `tblgradingperiod`
--
ALTER TABLE `tblgradingperiod`
  ADD PRIMARY KEY (`id`);

--
-- Indexes for table `tblparent`
--
ALTER TABLE `tblparent`
  ADD PRIMARY KEY (`username`) USING BTREE;

--
-- Indexes for table `tblparentdetail`
--
ALTER TABLE `tblparentdetail`
  ADD PRIMARY KEY (`id`);

--
-- Indexes for table `tblschoolyear`
--
ALTER TABLE `tblschoolyear`
  ADD PRIMARY KEY (`syid`);

--
-- Indexes for table `tblsectionloadteacher`
--
ALTER TABLE `tblsectionloadteacher`
  ADD PRIMARY KEY (`id`);

--
-- Indexes for table `tblsecurity`
--
ALTER TABLE `tblsecurity`
  ADD PRIMARY KEY (`id`);

--
-- Indexes for table `tblstudents`
--
ALTER TABLE `tblstudents`
  ADD PRIMARY KEY (`studentid`);

--
-- Indexes for table `tblstudentsdetail`
--
ALTER TABLE `tblstudentsdetail`
  ADD PRIMARY KEY (`id`);

--
-- Indexes for table `tblsubject`
--
ALTER TABLE `tblsubject`
  ADD PRIMARY KEY (`subjectid`);

--
-- Indexes for table `tblsubjloadstudent`
--
ALTER TABLE `tblsubjloadstudent`
  ADD PRIMARY KEY (`id`);

--
-- Indexes for table `tblsubjloadteacher`
--
ALTER TABLE `tblsubjloadteacher`
  ADD PRIMARY KEY (`id`);

--
-- Indexes for table `tblteacher`
--
ALTER TABLE `tblteacher`
  ADD PRIMARY KEY (`facultyid`);

--
-- Indexes for table `tblteacherdetail`
--
ALTER TABLE `tblteacherdetail`
  ADD PRIMARY KEY (`id`);

--
-- AUTO_INCREMENT for dumped tables
--

--
-- AUTO_INCREMENT for table `tblassigngrade`
--
ALTER TABLE `tblassigngrade`
  MODIFY `id` int(11) NOT NULL AUTO_INCREMENT, AUTO_INCREMENT=145;

--
-- AUTO_INCREMENT for table `tblcontrol`
--
ALTER TABLE `tblcontrol`
  MODIFY `id` int(11) NOT NULL AUTO_INCREMENT, AUTO_INCREMENT=34;

--
-- AUTO_INCREMENT for table `tblcurriculum`
--
ALTER TABLE `tblcurriculum`
  MODIFY `curriculumid` int(50) NOT NULL AUTO_INCREMENT, AUTO_INCREMENT=6;

--
-- AUTO_INCREMENT for table `tbldepartment`
--
ALTER TABLE `tbldepartment`
  MODIFY `departmentid` int(50) NOT NULL AUTO_INCREMENT, AUTO_INCREMENT=37;

--
-- AUTO_INCREMENT for table `tblgrade`
--
ALTER TABLE `tblgrade`
  MODIFY `id` int(11) NOT NULL AUTO_INCREMENT, AUTO_INCREMENT=2269;

--
-- AUTO_INCREMENT for table `tblgradelevel`
--
ALTER TABLE `tblgradelevel`
  MODIFY `gradelevelid` int(50) NOT NULL AUTO_INCREMENT, AUTO_INCREMENT=15;

--
-- AUTO_INCREMENT for table `tblgradesection`
--
ALTER TABLE `tblgradesection`
  MODIFY `gradesectionid` int(50) NOT NULL AUTO_INCREMENT, AUTO_INCREMENT=30;

--
-- AUTO_INCREMENT for table `tblgradingperiod`
--
ALTER TABLE `tblgradingperiod`
  MODIFY `id` int(11) NOT NULL AUTO_INCREMENT, AUTO_INCREMENT=8;

--
-- AUTO_INCREMENT for table `tblparentdetail`
--
ALTER TABLE `tblparentdetail`
  MODIFY `id` int(11) NOT NULL AUTO_INCREMENT, AUTO_INCREMENT=19;

--
-- AUTO_INCREMENT for table `tblschoolyear`
--
ALTER TABLE `tblschoolyear`
  MODIFY `syid` int(50) NOT NULL AUTO_INCREMENT, AUTO_INCREMENT=40;

--
-- AUTO_INCREMENT for table `tblsectionloadteacher`
--
ALTER TABLE `tblsectionloadteacher`
  MODIFY `id` int(11) NOT NULL AUTO_INCREMENT, AUTO_INCREMENT=62;

--
-- AUTO_INCREMENT for table `tblsecurity`
--
ALTER TABLE `tblsecurity`
  MODIFY `id` int(11) NOT NULL AUTO_INCREMENT, AUTO_INCREMENT=3;

--
-- AUTO_INCREMENT for table `tblstudentsdetail`
--
ALTER TABLE `tblstudentsdetail`
  MODIFY `id` int(11) NOT NULL AUTO_INCREMENT, AUTO_INCREMENT=171;

--
-- AUTO_INCREMENT for table `tblsubject`
--
ALTER TABLE `tblsubject`
  MODIFY `subjectid` int(50) NOT NULL AUTO_INCREMENT, AUTO_INCREMENT=63;

--
-- AUTO_INCREMENT for table `tblsubjloadstudent`
--
ALTER TABLE `tblsubjloadstudent`
  MODIFY `id` int(11) NOT NULL AUTO_INCREMENT, AUTO_INCREMENT=1023;

--
-- AUTO_INCREMENT for table `tblsubjloadteacher`
--
ALTER TABLE `tblsubjloadteacher`
  MODIFY `id` int(50) NOT NULL AUTO_INCREMENT, AUTO_INCREMENT=356;

--
-- AUTO_INCREMENT for table `tblteacherdetail`
--
ALTER TABLE `tblteacherdetail`
  MODIFY `id` int(11) NOT NULL AUTO_INCREMENT, AUTO_INCREMENT=44;
COMMIT;

/*!40101 SET CHARACTER_SET_CLIENT=@OLD_CHARACTER_SET_CLIENT */;
/*!40101 SET CHARACTER_SET_RESULTS=@OLD_CHARACTER_SET_RESULTS */;
/*!40101 SET COLLATION_CONNECTION=@OLD_COLLATION_CONNECTION */;
